"filename","trial_type","original_trial_index","x","y","item"
"2024-12-14_17-13-10_B123286873C8481988A52420BF087B2C.csv","free_sort",5,79,211,"become hungry"
"2024-12-14_17-13-10_B123286873C8481988A52420BF087B2C.csv","free_sort",5,158,346,"see something"
"2024-12-14_17-13-10_B123286873C8481988A52420BF087B2C.csv","free_sort",5,275,215,"choose what to do"
"2024-12-14_17-13-10_B123286873C8481988A52420BF087B2C.csv","free_sort",5,347,472,"sit down"
"2024-12-14_17-13-10_B123286873C8481988A52420BF087B2C.csv","free_sort",5,343,54,"take a walk"
"2024-12-14_17-13-10_B123286873C8481988A52420BF087B2C.csv","free_sort",5,400,150,"feel scared"
"2024-12-14_17-13-10_B123286873C8481988A52420BF087B2C.csv","free_sort",5,472,161,"experience pain"
"2024-12-14_17-13-10_B123286873C8481988A52420BF087B2C.csv","free_sort",5,154,96,"think about something"
"2024-12-14_17-13-10_B123286873C8481988A52420BF087B2C.csv","free_sort",5,34,333,"get tired"
"2024-12-14_17-13-10_B123286873C8481988A52420BF087B2C.csv","free_sort",5,221,488,"jump up and down"
"2024-12-14_17-13-10_B123286873C8481988A52420BF087B2C.csv","free_sort",5,477,403,"get sick"
"2024-12-14_17-13-10_B123286873C8481988A52420BF087B2C.csv","free_sort",5,418,280,"reach for something"
"2024-12-14_17-13-10_B123286873C8481988A52420BF087B2C.csv","free_sort",5,339,363,"kick something"
"2024-12-14_17-13-10_B123286873C8481988A52420BF087B2C.csv","free_sort",5,224,97,"remember something"
"2024-12-14_17-13-10_B123286873C8481988A52420BF087B2C.csv","free_sort",5,217,354,"hear something"
"2024-12-14_17-15-31_BD3A1E0E43374D51A691CD4B85EF55A4.csv","free_sort",21,300,70,"think about something"
"2024-12-14_17-15-31_BD3A1E0E43374D51A691CD4B85EF55A4.csv","free_sort",21,145,445,"jump up and down"
"2024-12-14_17-15-31_BD3A1E0E43374D51A691CD4B85EF55A4.csv","free_sort",21,159,148,"kick something"
"2024-12-14_17-15-31_BD3A1E0E43374D51A691CD4B85EF55A4.csv","free_sort",21,61,290,"hear something"
"2024-12-14_17-15-31_BD3A1E0E43374D51A691CD4B85EF55A4.csv","free_sort",21,439,336,"choose what to do"
"2024-12-14_17-15-31_BD3A1E0E43374D51A691CD4B85EF55A4.csv","free_sort",21,148,126,"experience pain"
"2024-12-14_17-15-31_BD3A1E0E43374D51A691CD4B85EF55A4.csv","free_sort",21,66,321,"remember something"
"2024-12-14_17-15-31_BD3A1E0E43374D51A691CD4B85EF55A4.csv","free_sort",21,483,150,"take a walk"
"2024-12-14_17-15-31_BD3A1E0E43374D51A691CD4B85EF55A4.csv","free_sort",21,344,78,"see something"
"2024-12-14_17-15-31_BD3A1E0E43374D51A691CD4B85EF55A4.csv","free_sort",21,217,321,"become hungry"
"2024-12-14_17-15-31_BD3A1E0E43374D51A691CD4B85EF55A4.csv","free_sort",21,490,180,"sit down"
"2024-12-14_17-15-31_BD3A1E0E43374D51A691CD4B85EF55A4.csv","free_sort",21,329,254,"feel scared"
"2024-12-14_17-15-31_BD3A1E0E43374D51A691CD4B85EF55A4.csv","free_sort",21,356,468,"get sick"
"2024-12-14_17-15-31_BD3A1E0E43374D51A691CD4B85EF55A4.csv","free_sort",21,156,474,"reach for something"
"2024-12-14_17-15-31_BD3A1E0E43374D51A691CD4B85EF55A4.csv","free_sort",21,392,458,"get tired"
"2024-12-14_18-09-51_1D572EF14532494EB7AC5BC33B74883F.csv","free_sort",5,500,282,"hear something"
"2024-12-14_18-09-51_1D572EF14532494EB7AC5BC33B74883F.csv","free_sort",5,1,277,"take a walk"
"2024-12-14_18-09-51_1D572EF14532494EB7AC5BC33B74883F.csv","free_sort",5,245,89,"feel scared"
"2024-12-14_18-09-51_1D572EF14532494EB7AC5BC33B74883F.csv","free_sort",5,430,312,"remember something"
"2024-12-14_18-09-51_1D572EF14532494EB7AC5BC33B74883F.csv","free_sort",5,186,511,"sit down"
"2024-12-14_18-09-51_1D572EF14532494EB7AC5BC33B74883F.csv","free_sort",5,269,532,"choose what to do"
"2024-12-14_18-09-51_1D572EF14532494EB7AC5BC33B74883F.csv","free_sort",5,156,60,"get sick"
"2024-12-14_18-09-51_1D572EF14532494EB7AC5BC33B74883F.csv","free_sort",5,201,445,"get tired"
"2024-12-14_18-09-51_1D572EF14532494EB7AC5BC33B74883F.csv","free_sort",5,539,217,"think about something"
"2024-12-14_18-09-51_1D572EF14532494EB7AC5BC33B74883F.csv","free_sort",5,275,457,"become hungry"
"2024-12-14_18-09-51_1D572EF14532494EB7AC5BC33B74883F.csv","free_sort",5,69,292,"jump up and down"
"2024-12-14_18-09-51_1D572EF14532494EB7AC5BC33B74883F.csv","free_sort",5,536,300,"reach for something"
"2024-12-14_18-09-51_1D572EF14532494EB7AC5BC33B74883F.csv","free_sort",5,299,19,"experience pain"
"2024-12-14_18-09-51_1D572EF14532494EB7AC5BC33B74883F.csv","free_sort",5,456,218,"see something"
"2024-12-14_18-09-51_1D572EF14532494EB7AC5BC33B74883F.csv","free_sort",5,13,350,"kick something"
"2024-12-14_18-12-56_8F60D57CB25948A7A7E8054E621D7571.csv","free_sort",5,422,145,"jump up and down"
"2024-12-14_18-12-56_8F60D57CB25948A7A7E8054E621D7571.csv","free_sort",5,164,455,"get sick"
"2024-12-14_18-12-56_8F60D57CB25948A7A7E8054E621D7571.csv","free_sort",5,294,325,"see something"
"2024-12-14_18-12-56_8F60D57CB25948A7A7E8054E621D7571.csv","free_sort",5,62,278,"remember something"
"2024-12-14_18-12-56_8F60D57CB25948A7A7E8054E621D7571.csv","free_sort",5,348,57,"take a walk"
"2024-12-14_18-12-56_8F60D57CB25948A7A7E8054E621D7571.csv","free_sort",5,116,107,"choose what to do"
"2024-12-14_18-12-56_8F60D57CB25948A7A7E8054E621D7571.csv","free_sort",5,451,328,"get tired"
"2024-12-14_18-12-56_8F60D57CB25948A7A7E8054E621D7571.csv","free_sort",5,299,304,"hear something"
"2024-12-14_18-12-56_8F60D57CB25948A7A7E8054E621D7571.csv","free_sort",5,100,261,"think about something"
"2024-12-14_18-12-56_8F60D57CB25948A7A7E8054E621D7571.csv","free_sort",5,185,469,"experience pain"
"2024-12-14_18-12-56_8F60D57CB25948A7A7E8054E621D7571.csv","free_sort",5,477,353,"become hungry"
"2024-12-14_18-12-56_8F60D57CB25948A7A7E8054E621D7571.csv","free_sort",5,432,172,"kick something"
"2024-12-14_18-12-56_8F60D57CB25948A7A7E8054E621D7571.csv","free_sort",5,328,69,"reach for something"
"2024-12-14_18-12-56_8F60D57CB25948A7A7E8054E621D7571.csv","free_sort",5,132,96,"sit down"
"2024-12-14_18-12-56_8F60D57CB25948A7A7E8054E621D7571.csv","free_sort",5,188,433,"feel scared"
"2024-12-14_18-13-11_C3E1CF4AE70D45C888C9D512BDF76D06.csv","free_sort",21,296,35,"kick something"
"2024-12-14_18-13-11_C3E1CF4AE70D45C888C9D512BDF76D06.csv","free_sort",21,179,214,"experience pain"
"2024-12-14_18-13-11_C3E1CF4AE70D45C888C9D512BDF76D06.csv","free_sort",21,255,439,"think about something"
"2024-12-14_18-13-11_C3E1CF4AE70D45C888C9D512BDF76D06.csv","free_sort",21,50,246,"get sick"
"2024-12-14_18-13-11_C3E1CF4AE70D45C888C9D512BDF76D06.csv","free_sort",21,136,410,"become hungry"
"2024-12-14_18-13-11_C3E1CF4AE70D45C888C9D512BDF76D06.csv","free_sort",21,351,161,"hear something"
"2024-12-14_18-13-11_C3E1CF4AE70D45C888C9D512BDF76D06.csv","free_sort",21,402,123,"take a walk"
"2024-12-14_18-13-11_C3E1CF4AE70D45C888C9D512BDF76D06.csv","free_sort",21,257,319,"choose what to do"
"2024-12-14_18-13-11_C3E1CF4AE70D45C888C9D512BDF76D06.csv","free_sort",21,444,180,"get tired"
"2024-12-14_18-13-11_C3E1CF4AE70D45C888C9D512BDF76D06.csv","free_sort",21,316,448,"remember something"
"2024-12-14_18-13-11_C3E1CF4AE70D45C888C9D512BDF76D06.csv","free_sort",21,232,69,"feel scared"
"2024-12-14_18-13-11_C3E1CF4AE70D45C888C9D512BDF76D06.csv","free_sort",21,192,375,"reach for something"
"2024-12-14_18-13-11_C3E1CF4AE70D45C888C9D512BDF76D06.csv","free_sort",21,320,287,"see something"
"2024-12-14_18-13-11_C3E1CF4AE70D45C888C9D512BDF76D06.csv","free_sort",21,100,187,"sit down"
"2024-12-14_18-13-11_C3E1CF4AE70D45C888C9D512BDF76D06.csv","free_sort",21,236,192,"jump up and down"
"2024-12-14_18-48-30_8EF4D8DE818943E7BA305EA1CF63C089.csv","free_sort",21,320,146,"think about something"
"2024-12-14_18-48-30_8EF4D8DE818943E7BA305EA1CF63C089.csv","free_sort",21,270,181,"see something"
"2024-12-14_18-48-30_8EF4D8DE818943E7BA305EA1CF63C089.csv","free_sort",21,106,239,"become hungry"
"2024-12-14_18-48-30_8EF4D8DE818943E7BA305EA1CF63C089.csv","free_sort",21,286,319,"reach for something"
"2024-12-14_18-48-30_8EF4D8DE818943E7BA305EA1CF63C089.csv","free_sort",21,190,253,"take a walk"
"2024-12-14_18-48-30_8EF4D8DE818943E7BA305EA1CF63C089.csv","free_sort",21,269,252,"choose what to do"
"2024-12-14_18-48-30_8EF4D8DE818943E7BA305EA1CF63C089.csv","free_sort",21,316,126,"remember something"
"2024-12-14_18-48-30_8EF4D8DE818943E7BA305EA1CF63C089.csv","free_sort",21,344,198,"hear something"
"2024-12-14_18-48-30_8EF4D8DE818943E7BA305EA1CF63C089.csv","free_sort",21,315,144,"experience pain"
"2024-12-14_18-48-30_8EF4D8DE818943E7BA305EA1CF63C089.csv","free_sort",21,256,303,"get sick"
"2024-12-14_18-48-30_8EF4D8DE818943E7BA305EA1CF63C089.csv","free_sort",21,314,284,"sit down"
"2024-12-14_18-48-30_8EF4D8DE818943E7BA305EA1CF63C089.csv","free_sort",21,201,307,"kick something"
"2024-12-14_18-48-30_8EF4D8DE818943E7BA305EA1CF63C089.csv","free_sort",21,174,209,"get tired"
"2024-12-14_18-48-30_8EF4D8DE818943E7BA305EA1CF63C089.csv","free_sort",21,340,282,"jump up and down"
"2024-12-14_18-48-30_8EF4D8DE818943E7BA305EA1CF63C089.csv","free_sort",21,324,146,"feel scared"
"2024-12-14_19-13-59_C5AF928339E04282A78E0D7D1C0B8097.csv","free_sort",21,383,85,"get tired"
"2024-12-14_19-13-59_C5AF928339E04282A78E0D7D1C0B8097.csv","free_sort",21,461,375,"get sick"
"2024-12-14_19-13-59_C5AF928339E04282A78E0D7D1C0B8097.csv","free_sort",21,141,448,"think about something"
"2024-12-14_19-13-59_C5AF928339E04282A78E0D7D1C0B8097.csv","free_sort",21,57,258,"jump up and down"
"2024-12-14_19-13-59_C5AF928339E04282A78E0D7D1C0B8097.csv","free_sort",21,481,312,"feel scared"
"2024-12-14_19-13-59_C5AF928339E04282A78E0D7D1C0B8097.csv","free_sort",21,209,205,"see something"
"2024-12-14_19-13-59_C5AF928339E04282A78E0D7D1C0B8097.csv","free_sort",21,502,245,"experience pain"
"2024-12-14_19-13-59_C5AF928339E04282A78E0D7D1C0B8097.csv","free_sort",21,191,39,"become hungry"
"2024-12-14_19-13-59_C5AF928339E04282A78E0D7D1C0B8097.csv","free_sort",21,460,122,"sit down"
"2024-12-14_19-13-59_C5AF928339E04282A78E0D7D1C0B8097.csv","free_sort",21,196,481,"remember something"
"2024-12-14_19-13-59_C5AF928339E04282A78E0D7D1C0B8097.csv","free_sort",21,233,486,"choose what to do"
"2024-12-14_19-13-59_C5AF928339E04282A78E0D7D1C0B8097.csv","free_sort",21,44,329,"kick something"
"2024-12-14_19-13-59_C5AF928339E04282A78E0D7D1C0B8097.csv","free_sort",21,49,194,"take a walk"
"2024-12-14_19-13-59_C5AF928339E04282A78E0D7D1C0B8097.csv","free_sort",21,248,255,"hear something"
"2024-12-14_19-13-59_C5AF928339E04282A78E0D7D1C0B8097.csv","free_sort",21,112,303,"reach for something"
"2024-12-14_20-12-55_C359722303E74636896615B081B895ED.csv","free_sort",21,383,77,"hear something"
"2024-12-14_20-12-55_C359722303E74636896615B081B895ED.csv","free_sort",21,392,467,"reach for something"
"2024-12-14_20-12-55_C359722303E74636896615B081B895ED.csv","free_sort",21,491,162,"become hungry"
"2024-12-14_20-12-55_C359722303E74636896615B081B895ED.csv","free_sort",21,41,298,"sit down"
"2024-12-14_20-12-55_C359722303E74636896615B081B895ED.csv","free_sort",21,272,510,"experience pain"
"2024-12-14_20-12-55_C359722303E74636896615B081B895ED.csv","free_sort",21,80,269,"get tired"
"2024-12-14_20-12-55_C359722303E74636896615B081B895ED.csv","free_sort",21,81,139,"think about something"
"2024-12-14_20-12-55_C359722303E74636896615B081B895ED.csv","free_sort",21,129,99,"remember something"
"2024-12-14_20-12-55_C359722303E74636896615B081B895ED.csv","free_sort",21,274,240,"feel scared"
"2024-12-14_20-12-55_C359722303E74636896615B081B895ED.csv","free_sort",21,92,413,"kick something"
"2024-12-14_20-12-55_C359722303E74636896615B081B895ED.csv","free_sort",21,493,394,"see something"
"2024-12-14_20-12-55_C359722303E74636896615B081B895ED.csv","free_sort",21,220,467,"get sick"
"2024-12-14_20-12-55_C359722303E74636896615B081B895ED.csv","free_sort",21,350,366,"choose what to do"
"2024-12-14_20-12-55_C359722303E74636896615B081B895ED.csv","free_sort",21,254,39,"take a walk"
"2024-12-14_20-12-55_C359722303E74636896615B081B895ED.csv","free_sort",21,515,278,"jump up and down"
"2024-12-14_20-12-56_2FA543FD1C31419CB8107888D3E03B01.csv","free_sort",5,362,455,"get tired"
"2024-12-14_20-12-56_2FA543FD1C31419CB8107888D3E03B01.csv","free_sort",5,101,152,"become hungry"
"2024-12-14_20-12-56_2FA543FD1C31419CB8107888D3E03B01.csv","free_sort",5,149,149,"choose what to do"
"2024-12-14_20-12-56_2FA543FD1C31419CB8107888D3E03B01.csv","free_sort",5,311,425,"sit down"
"2024-12-14_20-12-56_2FA543FD1C31419CB8107888D3E03B01.csv","free_sort",5,347,505,"take a walk"
"2024-12-14_20-12-56_2FA543FD1C31419CB8107888D3E03B01.csv","free_sort",5,360,189,"reach for something"
"2024-12-14_20-12-56_2FA543FD1C31419CB8107888D3E03B01.csv","free_sort",5,116,400,"experience pain"
"2024-12-14_20-12-56_2FA543FD1C31419CB8107888D3E03B01.csv","free_sort",5,399,466,"kick something"
"2024-12-14_20-12-56_2FA543FD1C31419CB8107888D3E03B01.csv","free_sort",5,310,470,"jump up and down"
"2024-12-14_20-12-56_2FA543FD1C31419CB8107888D3E03B01.csv","free_sort",5,174,89,"remember something"
"2024-12-14_20-12-56_2FA543FD1C31419CB8107888D3E03B01.csv","free_sort",5,333,130,"see something"
"2024-12-14_20-12-56_2FA543FD1C31419CB8107888D3E03B01.csv","free_sort",5,82,364,"get sick"
"2024-12-14_20-12-56_2FA543FD1C31419CB8107888D3E03B01.csv","free_sort",5,145,359,"feel scared"
"2024-12-14_20-12-56_2FA543FD1C31419CB8107888D3E03B01.csv","free_sort",5,399,136,"hear something"
"2024-12-14_20-12-56_2FA543FD1C31419CB8107888D3E03B01.csv","free_sort",5,120,91,"think about something"
"2024-12-14_20-13-02_FAC7CF95037D41FC9219CFEA2FDCFBCF.csv","free_sort",21,121,181,"think about something"
"2024-12-14_20-13-02_FAC7CF95037D41FC9219CFEA2FDCFBCF.csv","free_sort",21,52,357,"become hungry"
"2024-12-14_20-13-02_FAC7CF95037D41FC9219CFEA2FDCFBCF.csv","free_sort",21,428,210,"see something"
"2024-12-14_20-13-02_FAC7CF95037D41FC9219CFEA2FDCFBCF.csv","free_sort",21,272,276,"choose what to do"
"2024-12-14_20-13-02_FAC7CF95037D41FC9219CFEA2FDCFBCF.csv","free_sort",21,278,297,"reach for something"
"2024-12-14_20-13-02_FAC7CF95037D41FC9219CFEA2FDCFBCF.csv","free_sort",21,280,91,"get sick"
"2024-12-14_20-13-02_FAC7CF95037D41FC9219CFEA2FDCFBCF.csv","free_sort",21,150,191,"feel scared"
"2024-12-14_20-13-02_FAC7CF95037D41FC9219CFEA2FDCFBCF.csv","free_sort",21,349,141,"get tired"
"2024-12-14_20-13-02_FAC7CF95037D41FC9219CFEA2FDCFBCF.csv","free_sort",21,297,293,"take a walk"
"2024-12-14_20-13-02_FAC7CF95037D41FC9219CFEA2FDCFBCF.csv","free_sort",21,277,313,"kick something"
"2024-12-14_20-13-02_FAC7CF95037D41FC9219CFEA2FDCFBCF.csv","free_sort",21,36,330,"remember something"
"2024-12-14_20-13-02_FAC7CF95037D41FC9219CFEA2FDCFBCF.csv","free_sort",21,65,296,"hear something"
"2024-12-14_20-13-02_FAC7CF95037D41FC9219CFEA2FDCFBCF.csv","free_sort",21,480,311,"jump up and down"
"2024-12-14_20-13-02_FAC7CF95037D41FC9219CFEA2FDCFBCF.csv","free_sort",21,308,150,"sit down"
"2024-12-14_20-13-02_FAC7CF95037D41FC9219CFEA2FDCFBCF.csv","free_sort",21,433,413,"experience pain"
"2024-12-14_20-13-09_5B0F0BF6341B4AA08153C9C4F945EC86.csv","free_sort",5,379,282,"think about something"
"2024-12-14_20-13-09_5B0F0BF6341B4AA08153C9C4F945EC86.csv","free_sort",5,298,439,"hear something"
"2024-12-14_20-13-09_5B0F0BF6341B4AA08153C9C4F945EC86.csv","free_sort",5,253,182,"take a walk"
"2024-12-14_20-13-09_5B0F0BF6341B4AA08153C9C4F945EC86.csv","free_sort",5,308,431,"get sick"
"2024-12-14_20-13-09_5B0F0BF6341B4AA08153C9C4F945EC86.csv","free_sort",5,219,393,"see something"
"2024-12-14_20-13-09_5B0F0BF6341B4AA08153C9C4F945EC86.csv","free_sort",5,211,104,"remember something"
"2024-12-14_20-13-09_5B0F0BF6341B4AA08153C9C4F945EC86.csv","free_sort",5,448,346,"feel scared"
"2024-12-14_20-13-09_5B0F0BF6341B4AA08153C9C4F945EC86.csv","free_sort",5,138,169,"experience pain"
"2024-12-14_20-13-09_5B0F0BF6341B4AA08153C9C4F945EC86.csv","free_sort",5,426,166,"sit down"
"2024-12-14_20-13-09_5B0F0BF6341B4AA08153C9C4F945EC86.csv","free_sort",5,322,402,"choose what to do"
"2024-12-14_20-13-09_5B0F0BF6341B4AA08153C9C4F945EC86.csv","free_sort",5,337,413,"reach for something"
"2024-12-14_20-13-09_5B0F0BF6341B4AA08153C9C4F945EC86.csv","free_sort",5,134,292,"get tired"
"2024-12-14_20-13-09_5B0F0BF6341B4AA08153C9C4F945EC86.csv","free_sort",5,292,399,"jump up and down"
"2024-12-14_20-13-09_5B0F0BF6341B4AA08153C9C4F945EC86.csv","free_sort",5,174,228,"become hungry"
"2024-12-14_20-13-09_5B0F0BF6341B4AA08153C9C4F945EC86.csv","free_sort",5,374,480,"kick something"
"2024-12-14_20-13-12_3765DE826DE6446F867FF77A69F2AB4D.csv","free_sort",21,309,98,"choose what to do"
"2024-12-14_20-13-12_3765DE826DE6446F867FF77A69F2AB4D.csv","free_sort",21,453,148,"see something"
"2024-12-14_20-13-12_3765DE826DE6446F867FF77A69F2AB4D.csv","free_sort",21,481,373,"get sick"
"2024-12-14_20-13-12_3765DE826DE6446F867FF77A69F2AB4D.csv","free_sort",21,252,161,"think about something"
"2024-12-14_20-13-12_3765DE826DE6446F867FF77A69F2AB4D.csv","free_sort",21,147,399,"sit down"
"2024-12-14_20-13-12_3765DE826DE6446F867FF77A69F2AB4D.csv","free_sort",21,389,350,"experience pain"
"2024-12-14_20-13-12_3765DE826DE6446F867FF77A69F2AB4D.csv","free_sort",21,156,330,"take a walk"
"2024-12-14_20-13-12_3765DE826DE6446F867FF77A69F2AB4D.csv","free_sort",21,82,290,"jump up and down"
"2024-12-14_20-13-12_3765DE826DE6446F867FF77A69F2AB4D.csv","free_sort",21,215,96,"remember something"
"2024-12-14_20-13-12_3765DE826DE6446F867FF77A69F2AB4D.csv","free_sort",21,401,429,"become hungry"
"2024-12-14_20-13-12_3765DE826DE6446F867FF77A69F2AB4D.csv","free_sort",21,336,465,"feel scared"
"2024-12-14_20-13-12_3765DE826DE6446F867FF77A69F2AB4D.csv","free_sort",21,74,364,"kick something"
"2024-12-14_20-13-12_3765DE826DE6446F867FF77A69F2AB4D.csv","free_sort",21,328,405,"get tired"
"2024-12-14_20-13-12_3765DE826DE6446F867FF77A69F2AB4D.csv","free_sort",21,508,201,"hear something"
"2024-12-14_20-13-12_3765DE826DE6446F867FF77A69F2AB4D.csv","free_sort",21,148,266,"reach for something"
"2024-12-14_20-13-16_E9778B8B9D824722BFE3556FE2ACFC04.csv","free_sort",21,149,409,"choose what to do"
"2024-12-14_20-13-16_E9778B8B9D824722BFE3556FE2ACFC04.csv","free_sort",21,163,460,"think about something"
"2024-12-14_20-13-16_E9778B8B9D824722BFE3556FE2ACFC04.csv","free_sort",21,327,515,"become hungry"
"2024-12-14_20-13-16_E9778B8B9D824722BFE3556FE2ACFC04.csv","free_sort",21,132,137,"sit down"
"2024-12-14_20-13-16_E9778B8B9D824722BFE3556FE2ACFC04.csv","free_sort",21,507,258,"reach for something"
"2024-12-14_20-13-16_E9778B8B9D824722BFE3556FE2ACFC04.csv","free_sort",21,94,101,"get tired"
"2024-12-14_20-13-16_E9778B8B9D824722BFE3556FE2ACFC04.csv","free_sort",21,453,424,"get sick"
"2024-12-14_20-13-16_E9778B8B9D824722BFE3556FE2ACFC04.csv","free_sort",21,262,98,"see something"
"2024-12-14_20-13-16_E9778B8B9D824722BFE3556FE2ACFC04.csv","free_sort",21,101,201,"take a walk"
"2024-12-14_20-13-16_E9778B8B9D824722BFE3556FE2ACFC04.csv","free_sort",21,278,138,"hear something"
"2024-12-14_20-13-16_E9778B8B9D824722BFE3556FE2ACFC04.csv","free_sort",21,283,171,"feel scared"
"2024-12-14_20-13-16_E9778B8B9D824722BFE3556FE2ACFC04.csv","free_sort",21,435,93,"kick something"
"2024-12-14_20-13-16_E9778B8B9D824722BFE3556FE2ACFC04.csv","free_sort",21,417,391,"experience pain"
"2024-12-14_20-13-16_E9778B8B9D824722BFE3556FE2ACFC04.csv","free_sort",21,64,164,"jump up and down"
"2024-12-14_20-13-16_E9778B8B9D824722BFE3556FE2ACFC04.csv","free_sort",21,200,438,"remember something"
"2024-12-14_20-14-10_F6C2C2975E2D47A29BB1DC4817243718.csv","free_sort",21,309,201,"kick something"
"2024-12-14_20-14-10_F6C2C2975E2D47A29BB1DC4817243718.csv","free_sort",21,398,478,"think about something"
"2024-12-14_20-14-10_F6C2C2975E2D47A29BB1DC4817243718.csv","free_sort",21,278,331,"reach for something"
"2024-12-14_20-14-10_F6C2C2975E2D47A29BB1DC4817243718.csv","free_sort",21,99,137,"get sick"
"2024-12-14_20-14-10_F6C2C2975E2D47A29BB1DC4817243718.csv","free_sort",21,430,447,"choose what to do"
"2024-12-14_20-14-10_F6C2C2975E2D47A29BB1DC4817243718.csv","free_sort",21,304,59,"experience pain"
"2024-12-14_20-14-10_F6C2C2975E2D47A29BB1DC4817243718.csv","free_sort",21,171,478,"take a walk"
"2024-12-14_20-14-10_F6C2C2975E2D47A29BB1DC4817243718.csv","free_sort",21,158,188,"get tired"
"2024-12-14_20-14-10_F6C2C2975E2D47A29BB1DC4817243718.csv","free_sort",21,508,194,"see something"
"2024-12-14_20-14-10_F6C2C2975E2D47A29BB1DC4817243718.csv","free_sort",21,445,125,"sit down"
"2024-12-14_20-14-10_F6C2C2975E2D47A29BB1DC4817243718.csv","free_sort",21,359,243,"jump up and down"
"2024-12-14_20-14-10_F6C2C2975E2D47A29BB1DC4817243718.csv","free_sort",21,9,276,"feel scared"
"2024-12-14_20-14-10_F6C2C2975E2D47A29BB1DC4817243718.csv","free_sort",21,384,493,"remember something"
"2024-12-14_20-14-10_F6C2C2975E2D47A29BB1DC4817243718.csv","free_sort",21,53,319,"hear something"
"2024-12-14_20-14-10_F6C2C2975E2D47A29BB1DC4817243718.csv","free_sort",21,514,324,"become hungry"
"2024-12-14_20-14-19_B4C2801910A4437E86A6FFE31337C252.csv","free_sort",21,468,128,"kick something"
"2024-12-14_20-14-19_B4C2801910A4437E86A6FFE31337C252.csv","free_sort",21,94,440,"experience pain"
"2024-12-14_20-14-19_B4C2801910A4437E86A6FFE31337C252.csv","free_sort",21,519,306,"see something"
"2024-12-14_20-14-19_B4C2801910A4437E86A6FFE31337C252.csv","free_sort",21,57,387,"get tired"
"2024-12-14_20-14-19_B4C2801910A4437E86A6FFE31337C252.csv","free_sort",21,245,61,"jump up and down"
"2024-12-14_20-14-19_B4C2801910A4437E86A6FFE31337C252.csv","free_sort",21,123,227,"choose what to do"
"2024-12-14_20-14-19_B4C2801910A4437E86A6FFE31337C252.csv","free_sort",21,316,483,"feel scared"
"2024-12-14_20-14-19_B4C2801910A4437E86A6FFE31337C252.csv","free_sort",21,210,52,"take a walk"
"2024-12-14_20-14-19_B4C2801910A4437E86A6FFE31337C252.csv","free_sort",21,82,193,"think about something"
"2024-12-14_20-14-19_B4C2801910A4437E86A6FFE31337C252.csv","free_sort",21,85,243,"remember something"
"2024-12-14_20-14-19_B4C2801910A4437E86A6FFE31337C252.csv","free_sort",21,322,300,"become hungry"
"2024-12-14_20-14-19_B4C2801910A4437E86A6FFE31337C252.csv","free_sort",21,97,415,"get sick"
"2024-12-14_20-14-19_B4C2801910A4437E86A6FFE31337C252.csv","free_sort",21,274,22,"sit down"
"2024-12-14_20-14-19_B4C2801910A4437E86A6FFE31337C252.csv","free_sort",21,468,164,"reach for something"
"2024-12-14_20-14-19_B4C2801910A4437E86A6FFE31337C252.csv","free_sort",21,521,329,"hear something"
"2024-12-14_20-35-21_8E2474F56D8F426F800DAEB5F192BD1E.csv","free_sort",5,382,84,"see something"
"2024-12-14_20-35-21_8E2474F56D8F426F800DAEB5F192BD1E.csv","free_sort",5,242,320,"get sick"
"2024-12-14_20-35-21_8E2474F56D8F426F800DAEB5F192BD1E.csv","free_sort",5,462,282,"think about something"
"2024-12-14_20-35-21_8E2474F56D8F426F800DAEB5F192BD1E.csv","free_sort",5,81,281,"sit down"
"2024-12-14_20-35-21_8E2474F56D8F426F800DAEB5F192BD1E.csv","free_sort",5,338,56,"take a walk"
"2024-12-14_20-35-21_8E2474F56D8F426F800DAEB5F192BD1E.csv","free_sort",5,274,308,"feel scared"
"2024-12-14_20-35-21_8E2474F56D8F426F800DAEB5F192BD1E.csv","free_sort",5,283,98,"kick something"
"2024-12-14_20-35-21_8E2474F56D8F426F800DAEB5F192BD1E.csv","free_sort",5,331,495,"reach for something"
"2024-12-14_20-35-21_8E2474F56D8F426F800DAEB5F192BD1E.csv","free_sort",5,370,471,"jump up and down"
"2024-12-14_20-35-21_8E2474F56D8F426F800DAEB5F192BD1E.csv","free_sort",5,108,231,"become hungry"
"2024-12-14_20-35-21_8E2474F56D8F426F800DAEB5F192BD1E.csv","free_sort",5,501,303,"choose what to do"
"2024-12-14_20-35-21_8E2474F56D8F426F800DAEB5F192BD1E.csv","free_sort",5,453,336,"remember something"
"2024-12-14_20-35-21_8E2474F56D8F426F800DAEB5F192BD1E.csv","free_sort",5,270,353,"experience pain"
"2024-12-14_20-35-21_8E2474F56D8F426F800DAEB5F192BD1E.csv","free_sort",5,62,255,"get tired"
"2024-12-14_20-35-21_8E2474F56D8F426F800DAEB5F192BD1E.csv","free_sort",5,416,290,"hear something"
"2024-12-14_21-00-06_E9C554921A30473FABBA12ACC64EA139.csv","free_sort",21,287,505,"get sick"
"2024-12-14_21-00-06_E9C554921A30473FABBA12ACC64EA139.csv","free_sort",21,191,504,"feel scared"
"2024-12-14_21-00-06_E9C554921A30473FABBA12ACC64EA139.csv","free_sort",21,109,229,"become hungry"
"2024-12-14_21-00-06_E9C554921A30473FABBA12ACC64EA139.csv","free_sort",21,232,294,"sit down"
"2024-12-14_21-00-06_E9C554921A30473FABBA12ACC64EA139.csv","free_sort",21,166,316,"choose what to do"
"2024-12-14_21-00-06_E9C554921A30473FABBA12ACC64EA139.csv","free_sort",21,132,114,"remember something"
"2024-12-14_21-00-06_E9C554921A30473FABBA12ACC64EA139.csv","free_sort",21,335,105,"kick something"
"2024-12-14_21-00-06_E9C554921A30473FABBA12ACC64EA139.csv","free_sort",21,201,84,"reach for something"
"2024-12-14_21-00-06_E9C554921A30473FABBA12ACC64EA139.csv","free_sort",21,208,148,"see something"
"2024-12-14_21-00-06_E9C554921A30473FABBA12ACC64EA139.csv","free_sort",21,42,267,"get tired"
"2024-12-14_21-00-06_E9C554921A30473FABBA12ACC64EA139.csv","free_sort",21,272,69,"think about something"
"2024-12-14_21-00-06_E9C554921A30473FABBA12ACC64EA139.csv","free_sort",21,242,452,"experience pain"
"2024-12-14_21-00-06_E9C554921A30473FABBA12ACC64EA139.csv","free_sort",21,273,137,"hear something"
"2024-12-14_21-00-06_E9C554921A30473FABBA12ACC64EA139.csv","free_sort",21,164,265,"take a walk"
"2024-12-14_21-00-06_E9C554921A30473FABBA12ACC64EA139.csv","free_sort",21,99,299,"jump up and down"
"2024-12-16_14-02-27_1970DF82208A4F2FB81EAF8D6A748E7B.csv","free_sort",21,65,260,"think about something"
"2024-12-16_14-02-27_1970DF82208A4F2FB81EAF8D6A748E7B.csv","free_sort",21,362,216,"reach for something"
"2024-12-16_14-02-27_1970DF82208A4F2FB81EAF8D6A748E7B.csv","free_sort",21,514,326,"get tired"
"2024-12-16_14-02-27_1970DF82208A4F2FB81EAF8D6A748E7B.csv","free_sort",21,83,343,"see something"
"2024-12-16_14-02-27_1970DF82208A4F2FB81EAF8D6A748E7B.csv","free_sort",21,399,175,"kick something"
"2024-12-16_14-02-27_1970DF82208A4F2FB81EAF8D6A748E7B.csv","free_sort",21,348,142,"sit down"
"2024-12-16_14-02-27_1970DF82208A4F2FB81EAF8D6A748E7B.csv","free_sort",21,451,184,"jump up and down"
"2024-12-16_14-02-27_1970DF82208A4F2FB81EAF8D6A748E7B.csv","free_sort",21,237,438,"choose what to do"
"2024-12-16_14-02-27_1970DF82208A4F2FB81EAF8D6A748E7B.csv","free_sort",21,466,374,"become hungry"
"2024-12-16_14-02-27_1970DF82208A4F2FB81EAF8D6A748E7B.csv","free_sort",21,285,221,"take a walk"
"2024-12-16_14-02-27_1970DF82208A4F2FB81EAF8D6A748E7B.csv","free_sort",21,418,335,"get sick"
"2024-12-16_14-02-27_1970DF82208A4F2FB81EAF8D6A748E7B.csv","free_sort",21,444,338,"feel scared"
"2024-12-16_14-02-27_1970DF82208A4F2FB81EAF8D6A748E7B.csv","free_sort",21,90,287,"hear something"
"2024-12-16_14-02-27_1970DF82208A4F2FB81EAF8D6A748E7B.csv","free_sort",21,42,294,"remember something"
"2024-12-16_14-02-27_1970DF82208A4F2FB81EAF8D6A748E7B.csv","free_sort",21,321,270,"experience pain"
"2024-12-16_14-02-30_0492FC538C4245778A446716617CEBFE.csv","free_sort",5,422,223,"become hungry"
"2024-12-16_14-02-30_0492FC538C4245778A446716617CEBFE.csv","free_sort",5,115,99,"hear something"
"2024-12-16_14-02-30_0492FC538C4245778A446716617CEBFE.csv","free_sort",5,418,141,"get tired"
"2024-12-16_14-02-30_0492FC538C4245778A446716617CEBFE.csv","free_sort",5,380,486,"sit down"
"2024-12-16_14-02-30_0492FC538C4245778A446716617CEBFE.csv","free_sort",5,369,465,"choose what to do"
"2024-12-16_14-02-30_0492FC538C4245778A446716617CEBFE.csv","free_sort",5,428,450,"kick something"
"2024-12-16_14-02-30_0492FC538C4245778A446716617CEBFE.csv","free_sort",5,139,159,"think about something"
"2024-12-16_14-02-30_0492FC538C4245778A446716617CEBFE.csv","free_sort",5,343,459,"jump up and down"
"2024-12-16_14-02-30_0492FC538C4245778A446716617CEBFE.csv","free_sort",5,169,144,"remember something"
"2024-12-16_14-02-30_0492FC538C4245778A446716617CEBFE.csv","free_sort",5,97,387,"experience pain"
"2024-12-16_14-02-30_0492FC538C4245778A446716617CEBFE.csv","free_sort",5,173,99,"see something"
"2024-12-16_14-02-30_0492FC538C4245778A446716617CEBFE.csv","free_sort",5,379,491,"reach for something"
"2024-12-16_14-02-30_0492FC538C4245778A446716617CEBFE.csv","free_sort",5,347,187,"get sick"
"2024-12-16_14-02-30_0492FC538C4245778A446716617CEBFE.csv","free_sort",5,310,502,"take a walk"
"2024-12-16_14-02-30_0492FC538C4245778A446716617CEBFE.csv","free_sort",5,181,413,"feel scared"
"2024-12-16_14-02-35_D6096ADB14F042928364519E4EB8929C.csv","free_sort",21,384,383,"experience pain"
"2024-12-16_14-02-35_D6096ADB14F042928364519E4EB8929C.csv","free_sort",21,383,446,"feel scared"
"2024-12-16_14-02-35_D6096ADB14F042928364519E4EB8929C.csv","free_sort",21,442,439,"get tired"
"2024-12-16_14-02-35_D6096ADB14F042928364519E4EB8929C.csv","free_sort",21,136,377,"hear something"
"2024-12-16_14-02-35_D6096ADB14F042928364519E4EB8929C.csv","free_sort",21,139,435,"reach for something"
"2024-12-16_14-02-35_D6096ADB14F042928364519E4EB8929C.csv","free_sort",21,413,114,"sit down"
"2024-12-16_14-02-35_D6096ADB14F042928364519E4EB8929C.csv","free_sort",21,291,298,"take a walk"
"2024-12-16_14-02-35_D6096ADB14F042928364519E4EB8929C.csv","free_sort",21,160,122,"kick something"
"2024-12-16_14-02-35_D6096ADB14F042928364519E4EB8929C.csv","free_sort",21,178,409,"remember something"
"2024-12-16_14-02-35_D6096ADB14F042928364519E4EB8929C.csv","free_sort",21,80,416,"see something"
"2024-12-16_14-02-35_D6096ADB14F042928364519E4EB8929C.csv","free_sort",21,303,257,"become hungry"
"2024-12-16_14-02-35_D6096ADB14F042928364519E4EB8929C.csv","free_sort",21,450,370,"get sick"
"2024-12-16_14-02-35_D6096ADB14F042928364519E4EB8929C.csv","free_sort",21,263,257,"choose what to do"
"2024-12-16_14-02-35_D6096ADB14F042928364519E4EB8929C.csv","free_sort",21,158,58,"jump up and down"
"2024-12-16_14-02-35_D6096ADB14F042928364519E4EB8929C.csv","free_sort",21,70,342,"think about something"
"2024-12-16_14-02-40_1A81D156345A4E789A038474BEA4CDD0.csv","free_sort",5,209,390,"sit down"
"2024-12-16_14-02-40_1A81D156345A4E789A038474BEA4CDD0.csv","free_sort",5,313,146,"reach for something"
"2024-12-16_14-02-40_1A81D156345A4E789A038474BEA4CDD0.csv","free_sort",5,349,478,"hear something"
"2024-12-16_14-02-40_1A81D156345A4E789A038474BEA4CDD0.csv","free_sort",5,196,449,"become hungry"
"2024-12-16_14-02-40_1A81D156345A4E789A038474BEA4CDD0.csv","free_sort",5,441,283,"feel scared"
"2024-12-16_14-02-40_1A81D156345A4E789A038474BEA4CDD0.csv","free_sort",5,96,262,"think about something"
"2024-12-16_14-02-40_1A81D156345A4E789A038474BEA4CDD0.csv","free_sort",5,410,470,"see something"
"2024-12-16_14-02-40_1A81D156345A4E789A038474BEA4CDD0.csv","free_sort",5,159,92,"take a walk"
"2024-12-16_14-02-40_1A81D156345A4E789A038474BEA4CDD0.csv","free_sort",5,496,237,"get sick"
"2024-12-16_14-02-40_1A81D156345A4E789A038474BEA4CDD0.csv","free_sort",5,286,210,"kick something"
"2024-12-16_14-02-40_1A81D156345A4E789A038474BEA4CDD0.csv","free_sort",5,54,237,"remember something"
"2024-12-16_14-02-40_1A81D156345A4E789A038474BEA4CDD0.csv","free_sort",5,147,415,"get tired"
"2024-12-16_14-02-40_1A81D156345A4E789A038474BEA4CDD0.csv","free_sort",5,45,259,"choose what to do"
"2024-12-16_14-02-40_1A81D156345A4E789A038474BEA4CDD0.csv","free_sort",5,98,105,"jump up and down"
"2024-12-16_14-02-40_1A81D156345A4E789A038474BEA4CDD0.csv","free_sort",5,455,204,"experience pain"
"2024-12-16_14-02-45_60E605E88628420C95E0A2A74D23A5BA.csv","free_sort",21,490,360,"feel scared"
"2024-12-16_14-02-45_60E605E88628420C95E0A2A74D23A5BA.csv","free_sort",21,290,114,"see something"
"2024-12-16_14-02-45_60E605E88628420C95E0A2A74D23A5BA.csv","free_sort",21,435,337,"experience pain"
"2024-12-16_14-02-45_60E605E88628420C95E0A2A74D23A5BA.csv","free_sort",21,219,117,"remember something"
"2024-12-16_14-02-45_60E605E88628420C95E0A2A74D23A5BA.csv","free_sort",21,175,502,"sit down"
"2024-12-16_14-02-45_60E605E88628420C95E0A2A74D23A5BA.csv","free_sort",21,192,427,"get sick"
"2024-12-16_14-02-45_60E605E88628420C95E0A2A74D23A5BA.csv","free_sort",21,447,419,"choose what to do"
"2024-12-16_14-02-45_60E605E88628420C95E0A2A74D23A5BA.csv","free_sort",21,148,108,"hear something"
"2024-12-16_14-02-45_60E605E88628420C95E0A2A74D23A5BA.csv","free_sort",21,347,127,"think about something"
"2024-12-16_14-02-45_60E605E88628420C95E0A2A74D23A5BA.csv","free_sort",21,108,418,"jump up and down"
"2024-12-16_14-02-45_60E605E88628420C95E0A2A74D23A5BA.csv","free_sort",21,349,94,"kick something"
"2024-12-16_14-02-45_60E605E88628420C95E0A2A74D23A5BA.csv","free_sort",21,122,463,"reach for something"
"2024-12-16_14-02-45_60E605E88628420C95E0A2A74D23A5BA.csv","free_sort",21,477,364,"become hungry"
"2024-12-16_14-02-45_60E605E88628420C95E0A2A74D23A5BA.csv","free_sort",21,82,381,"take a walk"
"2024-12-16_14-02-45_60E605E88628420C95E0A2A74D23A5BA.csv","free_sort",21,457,274,"get tired"
"2024-12-16_14-03-02_746439A1D93B4C738345602E74D32971.csv","free_sort",5,98,430,"hear something"
"2024-12-16_14-03-02_746439A1D93B4C738345602E74D32971.csv","free_sort",5,120,456,"see something"
"2024-12-16_14-03-02_746439A1D93B4C738345602E74D32971.csv","free_sort",5,418,369,"feel scared"
"2024-12-16_14-03-02_746439A1D93B4C738345602E74D32971.csv","free_sort",5,256,505,"remember something"
"2024-12-16_14-03-02_746439A1D93B4C738345602E74D32971.csv","free_sort",5,466,227,"get sick"
"2024-12-16_14-03-02_746439A1D93B4C738345602E74D32971.csv","free_sort",5,293,481,"choose what to do"
"2024-12-16_14-03-02_746439A1D93B4C738345602E74D32971.csv","free_sort",5,117,210,"sit down"
"2024-12-16_14-03-02_746439A1D93B4C738345602E74D32971.csv","free_sort",5,111,173,"jump up and down"
"2024-12-16_14-03-02_746439A1D93B4C738345602E74D32971.csv","free_sort",5,450,173,"become hungry"
"2024-12-16_14-03-02_746439A1D93B4C738345602E74D32971.csv","free_sort",5,106,198,"kick something"
"2024-12-16_14-03-02_746439A1D93B4C738345602E74D32971.csv","free_sort",5,497,186,"experience pain"
"2024-12-16_14-03-02_746439A1D93B4C738345602E74D32971.csv","free_sort",5,124,185,"reach for something"
"2024-12-16_14-03-02_746439A1D93B4C738345602E74D32971.csv","free_sort",5,456,399,"get tired"
"2024-12-16_14-03-02_746439A1D93B4C738345602E74D32971.csv","free_sort",5,102,156,"take a walk"
"2024-12-16_14-03-02_746439A1D93B4C738345602E74D32971.csv","free_sort",5,292,508,"think about something"
"2024-12-16_14-07-29_CB2A62D186194087B8BBDE2AA49F9EEE.csv","free_sort",5,397,102,"see something"
"2024-12-16_14-07-29_CB2A62D186194087B8BBDE2AA49F9EEE.csv","free_sort",5,417,379,"get tired"
"2024-12-16_14-07-29_CB2A62D186194087B8BBDE2AA49F9EEE.csv","free_sort",5,420,355,"feel scared"
"2024-12-16_14-07-29_CB2A62D186194087B8BBDE2AA49F9EEE.csv","free_sort",5,395,166,"remember something"
"2024-12-16_14-07-29_CB2A62D186194087B8BBDE2AA49F9EEE.csv","free_sort",5,397,125,"think about something"
"2024-12-16_14-07-29_CB2A62D186194087B8BBDE2AA49F9EEE.csv","free_sort",5,179,164,"sit down"
"2024-12-16_14-07-29_CB2A62D186194087B8BBDE2AA49F9EEE.csv","free_sort",5,192,167,"take a walk"
"2024-12-16_14-07-29_CB2A62D186194087B8BBDE2AA49F9EEE.csv","free_sort",5,187,91,"jump up and down"
"2024-12-16_14-07-29_CB2A62D186194087B8BBDE2AA49F9EEE.csv","free_sort",5,180,146,"kick something"
"2024-12-16_14-07-29_CB2A62D186194087B8BBDE2AA49F9EEE.csv","free_sort",5,395,165,"hear something"
"2024-12-16_14-07-29_CB2A62D186194087B8BBDE2AA49F9EEE.csv","free_sort",5,260,392,"become hungry"
"2024-12-16_14-07-29_CB2A62D186194087B8BBDE2AA49F9EEE.csv","free_sort",5,396,156,"reach for something"
"2024-12-16_14-07-29_CB2A62D186194087B8BBDE2AA49F9EEE.csv","free_sort",5,240,349,"get sick"
"2024-12-16_14-07-29_CB2A62D186194087B8BBDE2AA49F9EEE.csv","free_sort",5,411,326,"experience pain"
"2024-12-16_14-07-29_CB2A62D186194087B8BBDE2AA49F9EEE.csv","free_sort",5,346,264,"choose what to do"
"2024-12-16_15-02-55_D60649D0BABC4CEC93AEB13B51FDB87C.csv","free_sort",5,391,469,"see something"
"2024-12-16_15-02-55_D60649D0BABC4CEC93AEB13B51FDB87C.csv","free_sort",5,189,395,"get tired"
"2024-12-16_15-02-55_D60649D0BABC4CEC93AEB13B51FDB87C.csv","free_sort",5,419,141,"kick something"
"2024-12-16_15-02-55_D60649D0BABC4CEC93AEB13B51FDB87C.csv","free_sort",5,142,155,"remember something"
"2024-12-16_15-02-55_D60649D0BABC4CEC93AEB13B51FDB87C.csv","free_sort",5,446,360,"hear something"
"2024-12-16_15-02-55_D60649D0BABC4CEC93AEB13B51FDB87C.csv","free_sort",5,63,311,"sit down"
"2024-12-16_15-02-55_D60649D0BABC4CEC93AEB13B51FDB87C.csv","free_sort",5,420,396,"think about something"
"2024-12-16_15-02-55_D60649D0BABC4CEC93AEB13B51FDB87C.csv","free_sort",5,171,78,"feel scared"
"2024-12-16_15-02-55_D60649D0BABC4CEC93AEB13B51FDB87C.csv","free_sort",5,513,182,"take a walk"
"2024-12-16_15-02-55_D60649D0BABC4CEC93AEB13B51FDB87C.csv","free_sort",5,191,202,"experience pain"
"2024-12-16_15-02-55_D60649D0BABC4CEC93AEB13B51FDB87C.csv","free_sort",5,454,181,"choose what to do"
"2024-12-16_15-02-55_D60649D0BABC4CEC93AEB13B51FDB87C.csv","free_sort",5,122,388,"get sick"
"2024-12-16_15-02-55_D60649D0BABC4CEC93AEB13B51FDB87C.csv","free_sort",5,484,293,"become hungry"
"2024-12-16_15-02-55_D60649D0BABC4CEC93AEB13B51FDB87C.csv","free_sort",5,45,231,"reach for something"
"2024-12-16_15-02-55_D60649D0BABC4CEC93AEB13B51FDB87C.csv","free_sort",5,147,292,"jump up and down"
"2024-12-16_15-25-08_965B0E4313264F5A9A5222E31D9C17F3.csv","free_sort",21,365,71,"sit down"
"2024-12-16_15-25-08_965B0E4313264F5A9A5222E31D9C17F3.csv","free_sort",21,401,155,"kick something"
"2024-12-16_15-25-08_965B0E4313264F5A9A5222E31D9C17F3.csv","free_sort",21,420,119,"reach for something"
"2024-12-16_15-25-08_965B0E4313264F5A9A5222E31D9C17F3.csv","free_sort",21,438,410,"remember something"
"2024-12-16_15-25-08_965B0E4313264F5A9A5222E31D9C17F3.csv","free_sort",21,98,255,"become hungry"
"2024-12-16_15-25-08_965B0E4313264F5A9A5222E31D9C17F3.csv","free_sort",21,277,50,"jump up and down"
"2024-12-16_15-25-08_965B0E4313264F5A9A5222E31D9C17F3.csv","free_sort",21,151,206,"hear something"
"2024-12-16_15-25-08_965B0E4313264F5A9A5222E31D9C17F3.csv","free_sort",21,97,303,"get sick"
"2024-12-16_15-25-08_965B0E4313264F5A9A5222E31D9C17F3.csv","free_sort",21,97,184,"experience pain"
"2024-12-16_15-25-08_965B0E4313264F5A9A5222E31D9C17F3.csv","free_sort",21,315,119,"take a walk"
"2024-12-16_15-25-08_965B0E4313264F5A9A5222E31D9C17F3.csv","free_sort",21,438,352,"choose what to do"
"2024-12-16_15-25-08_965B0E4313264F5A9A5222E31D9C17F3.csv","free_sort",21,101,353,"feel scared"
"2024-12-16_15-25-08_965B0E4313264F5A9A5222E31D9C17F3.csv","free_sort",21,146,269,"get tired"
"2024-12-16_15-25-08_965B0E4313264F5A9A5222E31D9C17F3.csv","free_sort",21,470,158,"see something"
"2024-12-16_15-25-08_965B0E4313264F5A9A5222E31D9C17F3.csv","free_sort",21,385,369,"think about something"
"2024-12-16_16-02-23_D7D05169A740446D840874A0CC99131A.csv","free_sort",5,488,256,"remember something"
"2024-12-16_16-02-23_D7D05169A740446D840874A0CC99131A.csv","free_sort",5,80,479,"experience pain"
"2024-12-16_16-02-23_D7D05169A740446D840874A0CC99131A.csv","free_sort",5,312,489,"kick something"
"2024-12-16_16-02-23_D7D05169A740446D840874A0CC99131A.csv","free_sort",5,50,402,"feel scared"
"2024-12-16_16-02-23_D7D05169A740446D840874A0CC99131A.csv","free_sort",5,91,483,"get tired"
"2024-12-16_16-02-23_D7D05169A740446D840874A0CC99131A.csv","free_sort",5,63,439,"become hungry"
"2024-12-16_16-02-23_D7D05169A740446D840874A0CC99131A.csv","free_sort",5,284,446,"get sick"
"2024-12-16_16-02-23_D7D05169A740446D840874A0CC99131A.csv","free_sort",5,150,60,"sit down"
"2024-12-16_16-02-23_D7D05169A740446D840874A0CC99131A.csv","free_sort",5,370,81,"take a walk"
"2024-12-16_16-02-23_D7D05169A740446D840874A0CC99131A.csv","free_sort",5,74,488,"hear something"
"2024-12-16_16-02-23_D7D05169A740446D840874A0CC99131A.csv","free_sort",5,487,216,"think about something"
"2024-12-16_16-02-23_D7D05169A740446D840874A0CC99131A.csv","free_sort",5,358,166,"choose what to do"
"2024-12-16_16-02-23_D7D05169A740446D840874A0CC99131A.csv","free_sort",5,328,534,"jump up and down"
"2024-12-16_16-02-23_D7D05169A740446D840874A0CC99131A.csv","free_sort",5,166,139,"reach for something"
"2024-12-16_16-02-23_D7D05169A740446D840874A0CC99131A.csv","free_sort",5,326,524,"see something"
"2024-12-16_16-02-30_2A1981939AC645E9A366B1632F22F230.csv","free_sort",21,285,230,"kick something"
"2024-12-16_16-02-30_2A1981939AC645E9A366B1632F22F230.csv","free_sort",21,260,210,"experience pain"
"2024-12-16_16-02-30_2A1981939AC645E9A366B1632F22F230.csv","free_sort",21,87,324,"think about something"
"2024-12-16_16-02-30_2A1981939AC645E9A366B1632F22F230.csv","free_sort",21,82,399,"see something"
"2024-12-16_16-02-30_2A1981939AC645E9A366B1632F22F230.csv","free_sort",21,360,201,"get sick"
"2024-12-16_16-02-30_2A1981939AC645E9A366B1632F22F230.csv","free_sort",21,322,255,"hear something"
"2024-12-16_16-02-30_2A1981939AC645E9A366B1632F22F230.csv","free_sort",21,129,364,"sit down"
"2024-12-16_16-02-30_2A1981939AC645E9A366B1632F22F230.csv","free_sort",21,92,429,"remember something"
"2024-12-16_16-02-30_2A1981939AC645E9A366B1632F22F230.csv","free_sort",21,259,219,"become hungry"
"2024-12-16_16-02-30_2A1981939AC645E9A366B1632F22F230.csv","free_sort",21,263,151,"feel scared"
"2024-12-16_16-02-30_2A1981939AC645E9A366B1632F22F230.csv","free_sort",21,133,404,"choose what to do"
"2024-12-16_16-02-30_2A1981939AC645E9A366B1632F22F230.csv","free_sort",21,391,190,"get tired"
"2024-12-16_16-02-30_2A1981939AC645E9A366B1632F22F230.csv","free_sort",21,117,369,"reach for something"
"2024-12-16_16-02-30_2A1981939AC645E9A366B1632F22F230.csv","free_sort",21,218,160,"jump up and down"
"2024-12-16_16-02-30_2A1981939AC645E9A366B1632F22F230.csv","free_sort",21,393,163,"take a walk"
"2024-12-16_16-02-35_3B7C154E57534AB58525C230625B86E9.csv","free_sort",21,487,351,"sit down"
"2024-12-16_16-02-35_3B7C154E57534AB58525C230625B86E9.csv","free_sort",21,194,469,"get sick"
"2024-12-16_16-02-35_3B7C154E57534AB58525C230625B86E9.csv","free_sort",21,275,109,"reach for something"
"2024-12-16_16-02-35_3B7C154E57534AB58525C230625B86E9.csv","free_sort",21,180,92,"see something"
"2024-12-16_16-02-35_3B7C154E57534AB58525C230625B86E9.csv","free_sort",21,280,327,"get tired"
"2024-12-16_16-02-35_3B7C154E57534AB58525C230625B86E9.csv","free_sort",21,47,265,"kick something"
"2024-12-16_16-02-35_3B7C154E57534AB58525C230625B86E9.csv","free_sort",21,237,519,"experience pain"
"2024-12-16_16-02-35_3B7C154E57534AB58525C230625B86E9.csv","free_sort",21,231,46,"hear something"
"2024-12-16_16-02-35_3B7C154E57534AB58525C230625B86E9.csv","free_sort",21,309,502,"feel scared"
"2024-12-16_16-02-35_3B7C154E57534AB58525C230625B86E9.csv","free_sort",21,450,212,"remember something"
"2024-12-16_16-02-35_3B7C154E57534AB58525C230625B86E9.csv","free_sort",21,452,135,"think about something"
"2024-12-16_16-02-35_3B7C154E57534AB58525C230625B86E9.csv","free_sort",21,57,328,"take a walk"
"2024-12-16_16-02-35_3B7C154E57534AB58525C230625B86E9.csv","free_sort",21,332,381,"jump up and down"
"2024-12-16_16-02-35_3B7C154E57534AB58525C230625B86E9.csv","free_sort",21,391,261,"choose what to do"
"2024-12-16_16-02-35_3B7C154E57534AB58525C230625B86E9.csv","free_sort",21,525,299,"become hungry"
"2024-12-16_16-02-38_B8F7ADC52A4745C4BBB2A5B5194085A1.csv","free_sort",21,466,206,"take a walk"
"2024-12-16_16-02-38_B8F7ADC52A4745C4BBB2A5B5194085A1.csv","free_sort",21,171,116,"remember something"
"2024-12-16_16-02-38_B8F7ADC52A4745C4BBB2A5B5194085A1.csv","free_sort",21,458,177,"jump up and down"
"2024-12-16_16-02-38_B8F7ADC52A4745C4BBB2A5B5194085A1.csv","free_sort",21,290,285,"become hungry"
"2024-12-16_16-02-38_B8F7ADC52A4745C4BBB2A5B5194085A1.csv","free_sort",21,473,228,"reach for something"
"2024-12-16_16-02-38_B8F7ADC52A4745C4BBB2A5B5194085A1.csv","free_sort",21,196,99,"think about something"
"2024-12-16_16-02-38_B8F7ADC52A4745C4BBB2A5B5194085A1.csv","free_sort",21,257,318,"get sick"
"2024-12-16_16-02-38_B8F7ADC52A4745C4BBB2A5B5194085A1.csv","free_sort",21,436,195,"choose what to do"
"2024-12-16_16-02-38_B8F7ADC52A4745C4BBB2A5B5194085A1.csv","free_sort",21,100,402,"feel scared"
"2024-12-16_16-02-38_B8F7ADC52A4745C4BBB2A5B5194085A1.csv","free_sort",21,321,326,"get tired"
"2024-12-16_16-02-38_B8F7ADC52A4745C4BBB2A5B5194085A1.csv","free_sort",21,142,395,"see something"
"2024-12-16_16-02-38_B8F7ADC52A4745C4BBB2A5B5194085A1.csv","free_sort",21,436,179,"kick something"
"2024-12-16_16-02-38_B8F7ADC52A4745C4BBB2A5B5194085A1.csv","free_sort",21,346,281,"experience pain"
"2024-12-16_16-02-38_B8F7ADC52A4745C4BBB2A5B5194085A1.csv","free_sort",21,110,357,"hear something"
"2024-12-16_16-02-38_B8F7ADC52A4745C4BBB2A5B5194085A1.csv","free_sort",21,322,347,"sit down"
"2024-12-16_16-02-43_17074AAFFC7C4937B4CF11743BD615C7.csv","free_sort",21,284,50,"feel scared"
"2024-12-16_16-02-43_17074AAFFC7C4937B4CF11743BD615C7.csv","free_sort",21,160,271,"think about something"
"2024-12-16_16-02-43_17074AAFFC7C4937B4CF11743BD615C7.csv","free_sort",21,266,481,"get tired"
"2024-12-16_16-02-43_17074AAFFC7C4937B4CF11743BD615C7.csv","free_sort",21,486,239,"reach for something"
"2024-12-16_16-02-43_17074AAFFC7C4937B4CF11743BD615C7.csv","free_sort",21,363,52,"kick something"
"2024-12-16_16-02-43_17074AAFFC7C4937B4CF11743BD615C7.csv","free_sort",21,89,273,"remember something"
"2024-12-16_16-02-43_17074AAFFC7C4937B4CF11743BD615C7.csv","free_sort",21,352,478,"take a walk"
"2024-12-16_16-02-43_17074AAFFC7C4937B4CF11743BD615C7.csv","free_sort",21,319,124,"experience pain"
"2024-12-16_16-02-43_17074AAFFC7C4937B4CF11743BD615C7.csv","free_sort",21,128,338,"choose what to do"
"2024-12-16_16-02-43_17074AAFFC7C4937B4CF11743BD615C7.csv","free_sort",21,94,125,"hear something"
"2024-12-16_16-02-43_17074AAFFC7C4937B4CF11743BD615C7.csv","free_sort",21,392,122,"get sick"
"2024-12-16_16-02-43_17074AAFFC7C4937B4CF11743BD615C7.csv","free_sort",21,237,407,"sit down"
"2024-12-16_16-02-43_17074AAFFC7C4937B4CF11743BD615C7.csv","free_sort",21,320,409,"become hungry"
"2024-12-16_16-02-43_17074AAFFC7C4937B4CF11743BD615C7.csv","free_sort",21,173,134,"see something"
"2024-12-16_16-02-43_17074AAFFC7C4937B4CF11743BD615C7.csv","free_sort",21,468,307,"jump up and down"
"2024-12-16_16-02-48_8E5548975087426F87AB9CE79DC20E49.csv","free_sort",5,526,314,"get sick"
"2024-12-16_16-02-48_8E5548975087426F87AB9CE79DC20E49.csv","free_sort",5,500,152,"feel scared"
"2024-12-16_16-02-48_8E5548975087426F87AB9CE79DC20E49.csv","free_sort",5,524,239,"experience pain"
"2024-12-16_16-02-48_8E5548975087426F87AB9CE79DC20E49.csv","free_sort",5,136,135,"reach for something"
"2024-12-16_16-02-48_8E5548975087426F87AB9CE79DC20E49.csv","free_sort",5,302,409,"choose what to do"
"2024-12-16_16-02-48_8E5548975087426F87AB9CE79DC20E49.csv","free_sort",5,420,283,"become hungry"
"2024-12-16_16-02-48_8E5548975087426F87AB9CE79DC20E49.csv","free_sort",5,186,504,"take a walk"
"2024-12-16_16-02-48_8E5548975087426F87AB9CE79DC20E49.csv","free_sort",5,274,52,"hear something"
"2024-12-16_16-02-48_8E5548975087426F87AB9CE79DC20E49.csv","free_sort",5,334,524,"kick something"
"2024-12-16_16-02-48_8E5548975087426F87AB9CE79DC20E49.csv","free_sort",5,402,180,"get tired"
"2024-12-16_16-02-48_8E5548975087426F87AB9CE79DC20E49.csv","free_sort",5,362,53,"remember something"
"2024-12-16_16-02-48_8E5548975087426F87AB9CE79DC20E49.csv","free_sort",5,254,521,"jump up and down"
"2024-12-16_16-02-48_8E5548975087426F87AB9CE79DC20E49.csv","free_sort",5,260,119,"think about something"
"2024-12-16_16-02-48_8E5548975087426F87AB9CE79DC20E49.csv","free_sort",5,418,487,"sit down"
"2024-12-16_16-02-48_8E5548975087426F87AB9CE79DC20E49.csv","free_sort",5,186,76,"see something"
"2024-12-16_16-09-04_BA2BCA7CCB1C4030859B5BC1E915D44D.csv","free_sort",5,86,373,"see something"
"2024-12-16_16-09-04_BA2BCA7CCB1C4030859B5BC1E915D44D.csv","free_sort",5,143,348,"hear something"
"2024-12-16_16-09-04_BA2BCA7CCB1C4030859B5BC1E915D44D.csv","free_sort",5,445,150,"experience pain"
"2024-12-16_16-09-04_BA2BCA7CCB1C4030859B5BC1E915D44D.csv","free_sort",5,474,393,"sit down"
"2024-12-16_16-09-04_BA2BCA7CCB1C4030859B5BC1E915D44D.csv","free_sort",5,493,203,"feel scared"
"2024-12-16_16-09-04_BA2BCA7CCB1C4030859B5BC1E915D44D.csv","free_sort",5,102,177,"take a walk"
"2024-12-16_16-09-04_BA2BCA7CCB1C4030859B5BC1E915D44D.csv","free_sort",5,396,503,"get sick"
"2024-12-16_16-09-04_BA2BCA7CCB1C4030859B5BC1E915D44D.csv","free_sort",5,162,397,"remember something"
"2024-12-16_16-09-04_BA2BCA7CCB1C4030859B5BC1E915D44D.csv","free_sort",5,183,125,"reach for something"
"2024-12-16_16-09-04_BA2BCA7CCB1C4030859B5BC1E915D44D.csv","free_sort",5,126,446,"think about something"
"2024-12-16_16-09-04_BA2BCA7CCB1C4030859B5BC1E915D44D.csv","free_sort",5,433,448,"get tired"
"2024-12-16_16-09-04_BA2BCA7CCB1C4030859B5BC1E915D44D.csv","free_sort",5,199,61,"jump up and down"
"2024-12-16_16-09-04_BA2BCA7CCB1C4030859B5BC1E915D44D.csv","free_sort",5,416,225,"become hungry"
"2024-12-16_16-09-04_BA2BCA7CCB1C4030859B5BC1E915D44D.csv","free_sort",5,112,96,"kick something"
"2024-12-16_16-09-04_BA2BCA7CCB1C4030859B5BC1E915D44D.csv","free_sort",5,160,201,"choose what to do"
"2024-12-16_16-19-29_54C623ACD50642A191E4537D31300E03.csv","free_sort",5,319,105,"see something"
"2024-12-16_16-19-29_54C623ACD50642A191E4537D31300E03.csv","free_sort",5,268,140,"remember something"
"2024-12-16_16-19-29_54C623ACD50642A191E4537D31300E03.csv","free_sort",5,444,448,"get sick"
"2024-12-16_16-19-29_54C623ACD50642A191E4537D31300E03.csv","free_sort",5,470,195,"choose what to do"
"2024-12-16_16-19-29_54C623ACD50642A191E4537D31300E03.csv","free_sort",5,512,213,"sit down"
"2024-12-16_16-19-29_54C623ACD50642A191E4537D31300E03.csv","free_sort",5,63,130,"take a walk"
"2024-12-16_16-19-29_54C623ACD50642A191E4537D31300E03.csv","free_sort",5,391,480,"get tired"
"2024-12-16_16-19-29_54C623ACD50642A191E4537D31300E03.csv","free_sort",5,195,441,"kick something"
"2024-12-16_16-19-29_54C623ACD50642A191E4537D31300E03.csv","free_sort",5,50,189,"jump up and down"
"2024-12-16_16-19-29_54C623ACD50642A191E4537D31300E03.csv","free_sort",5,301,44,"think about something"
"2024-12-16_16-19-29_54C623ACD50642A191E4537D31300E03.csv","free_sort",5,501,151,"become hungry"
"2024-12-16_16-19-29_54C623ACD50642A191E4537D31300E03.csv","free_sort",5,139,423,"feel scared"
"2024-12-16_16-19-29_54C623ACD50642A191E4537D31300E03.csv","free_sort",5,191,494,"hear something"
"2024-12-16_16-19-29_54C623ACD50642A191E4537D31300E03.csv","free_sort",5,262,79,"reach for something"
"2024-12-16_16-19-29_54C623ACD50642A191E4537D31300E03.csv","free_sort",5,148,464,"experience pain"
"2024-12-16_17-02-24_EA0D217A88864E24890204255F54D34B.csv","free_sort",5,144,369,"choose what to do"
"2024-12-16_17-02-24_EA0D217A88864E24890204255F54D34B.csv","free_sort",5,533,287,"take a walk"
"2024-12-16_17-02-24_EA0D217A88864E24890204255F54D34B.csv","free_sort",5,316,147,"get tired"
"2024-12-16_17-02-24_EA0D217A88864E24890204255F54D34B.csv","free_sort",5,79,402,"remember something"
"2024-12-16_17-02-24_EA0D217A88864E24890204255F54D34B.csv","free_sort",5,320,55,"experience pain"
"2024-12-16_17-02-24_EA0D217A88864E24890204255F54D34B.csv","free_sort",5,135,450,"think about something"
"2024-12-16_17-02-24_EA0D217A88864E24890204255F54D34B.csv","free_sort",5,351,81,"feel scared"
"2024-12-16_17-02-24_EA0D217A88864E24890204255F54D34B.csv","free_sort",5,265,18,"get sick"
"2024-12-16_17-02-24_EA0D217A88864E24890204255F54D34B.csv","free_sort",5,221,398,"hear something"
"2024-12-16_17-02-24_EA0D217A88864E24890204255F54D34B.csv","free_sort",5,180,444,"see something"
"2024-12-16_17-02-24_EA0D217A88864E24890204255F54D34B.csv","free_sort",5,499,352,"kick something"
"2024-12-16_17-02-24_EA0D217A88864E24890204255F54D34B.csv","free_sort",5,431,398,"reach for something"
"2024-12-16_17-02-24_EA0D217A88864E24890204255F54D34B.csv","free_sort",5,469,277,"jump up and down"
"2024-12-16_17-02-24_EA0D217A88864E24890204255F54D34B.csv","free_sort",5,450,323,"sit down"
"2024-12-16_17-02-24_EA0D217A88864E24890204255F54D34B.csv","free_sort",5,265,84,"become hungry"
"2024-12-16_17-02-26_99816E3899E8466FB3E302768C3E65F3.csv","free_sort",5,260,495,"feel scared"
"2024-12-16_17-02-26_99816E3899E8466FB3E302768C3E65F3.csv","free_sort",5,111,142,"see something"
"2024-12-16_17-02-26_99816E3899E8466FB3E302768C3E65F3.csv","free_sort",5,496,247,"become hungry"
"2024-12-16_17-02-26_99816E3899E8466FB3E302768C3E65F3.csv","free_sort",5,68,279,"reach for something"
"2024-12-16_17-02-26_99816E3899E8466FB3E302768C3E65F3.csv","free_sort",5,77,199,"remember something"
"2024-12-16_17-02-26_99816E3899E8466FB3E302768C3E65F3.csv","free_sort",5,435,231,"jump up and down"
"2024-12-16_17-02-26_99816E3899E8466FB3E302768C3E65F3.csv","free_sort",5,497,300,"sit down"
"2024-12-16_17-02-26_99816E3899E8466FB3E302768C3E65F3.csv","free_sort",5,134,188,"hear something"
"2024-12-16_17-02-26_99816E3899E8466FB3E302768C3E65F3.csv","free_sort",5,430,303,"take a walk"
"2024-12-16_17-02-26_99816E3899E8466FB3E302768C3E65F3.csv","free_sort",5,228,444,"experience pain"
"2024-12-16_17-02-26_99816E3899E8466FB3E302768C3E65F3.csv","free_sort",5,193,495,"choose what to do"
"2024-12-16_17-02-26_99816E3899E8466FB3E302768C3E65F3.csv","free_sort",5,119,288,"think about something"
"2024-12-16_17-02-26_99816E3899E8466FB3E302768C3E65F3.csv","free_sort",5,372,273,"get tired"
"2024-12-16_17-02-26_99816E3899E8466FB3E302768C3E65F3.csv","free_sort",5,120,236,"kick something"
"2024-12-16_17-02-26_99816E3899E8466FB3E302768C3E65F3.csv","free_sort",5,416,350,"get sick"
"2024-12-16_17-02-26_BDE7E84F9861450599B59C0964952F18.csv","free_sort",5,147,125,"think about something"
"2024-12-16_17-02-26_BDE7E84F9861450599B59C0964952F18.csv","free_sort",5,396,471,"take a walk"
"2024-12-16_17-02-26_BDE7E84F9861450599B59C0964952F18.csv","free_sort",5,184,223,"remember something"
"2024-12-16_17-02-26_BDE7E84F9861450599B59C0964952F18.csv","free_sort",5,349,408,"feel scared"
"2024-12-16_17-02-26_BDE7E84F9861450599B59C0964952F18.csv","free_sort",5,481,320,"get sick"
"2024-12-16_17-02-26_BDE7E84F9861450599B59C0964952F18.csv","free_sort",5,431,302,"get tired"
"2024-12-16_17-02-26_BDE7E84F9861450599B59C0964952F18.csv","free_sort",5,171,270,"hear something"
"2024-12-16_17-02-26_BDE7E84F9861450599B59C0964952F18.csv","free_sort",5,98,209,"see something"
"2024-12-16_17-02-26_BDE7E84F9861450599B59C0964952F18.csv","free_sort",5,493,214,"experience pain"
"2024-12-16_17-02-26_BDE7E84F9861450599B59C0964952F18.csv","free_sort",5,448,430,"become hungry"
"2024-12-16_17-02-26_BDE7E84F9861450599B59C0964952F18.csv","free_sort",5,208,103,"reach for something"
"2024-12-16_17-02-26_BDE7E84F9861450599B59C0964952F18.csv","free_sort",5,109,285,"kick something"
"2024-12-16_17-02-26_BDE7E84F9861450599B59C0964952F18.csv","free_sort",5,443,407,"jump up and down"
"2024-12-16_17-02-26_BDE7E84F9861450599B59C0964952F18.csv","free_sort",5,360,461,"sit down"
"2024-12-16_17-02-26_BDE7E84F9861450599B59C0964952F18.csv","free_sort",5,437,277,"choose what to do"
"2024-12-16_17-02-28_1777C0240ECF429DBAADEE190D82ABE8.csv","free_sort",5,142,336,"reach for something"
"2024-12-16_17-02-28_1777C0240ECF429DBAADEE190D82ABE8.csv","free_sort",5,48,329,"jump up and down"
"2024-12-16_17-02-28_1777C0240ECF429DBAADEE190D82ABE8.csv","free_sort",5,54,251,"kick something"
"2024-12-16_17-02-28_1777C0240ECF429DBAADEE190D82ABE8.csv","free_sort",5,124,283,"take a walk"
"2024-12-16_17-02-28_1777C0240ECF429DBAADEE190D82ABE8.csv","free_sort",5,440,290,"get sick"
"2024-12-16_17-02-28_1777C0240ECF429DBAADEE190D82ABE8.csv","free_sort",5,323,472,"remember something"
"2024-12-16_17-02-28_1777C0240ECF429DBAADEE190D82ABE8.csv","free_sort",5,91,397,"sit down"
"2024-12-16_17-02-28_1777C0240ECF429DBAADEE190D82ABE8.csv","free_sort",5,327,87,"feel scared"
"2024-12-16_17-02-28_1777C0240ECF429DBAADEE190D82ABE8.csv","free_sort",5,380,273,"become hungry"
"2024-12-16_17-02-28_1777C0240ECF429DBAADEE190D82ABE8.csv","free_sort",5,122,122,"see something"
"2024-12-16_17-02-28_1777C0240ECF429DBAADEE190D82ABE8.csv","free_sort",5,286,424,"choose what to do"
"2024-12-16_17-02-28_1777C0240ECF429DBAADEE190D82ABE8.csv","free_sort",5,267,502,"think about something"
"2024-12-16_17-02-28_1777C0240ECF429DBAADEE190D82ABE8.csv","free_sort",5,166,122,"hear something"
"2024-12-16_17-02-28_1777C0240ECF429DBAADEE190D82ABE8.csv","free_sort",5,392,116,"get tired"
"2024-12-16_17-02-28_1777C0240ECF429DBAADEE190D82ABE8.csv","free_sort",5,434,274,"experience pain"
"2024-12-16_17-02-31_CB18A705D3D540B8A4A8D627BE511170.csv","free_sort",5,423,216,"experience pain"
"2024-12-16_17-02-31_CB18A705D3D540B8A4A8D627BE511170.csv","free_sort",5,488,188,"get sick"
"2024-12-16_17-02-31_CB18A705D3D540B8A4A8D627BE511170.csv","free_sort",5,407,77,"become hungry"
"2024-12-16_17-02-31_CB18A705D3D540B8A4A8D627BE511170.csv","free_sort",5,235,106,"think about something"
"2024-12-16_17-02-31_CB18A705D3D540B8A4A8D627BE511170.csv","free_sort",5,418,265,"feel scared"
"2024-12-16_17-02-31_CB18A705D3D540B8A4A8D627BE511170.csv","free_sort",5,192,154,"remember something"
"2024-12-16_17-02-31_CB18A705D3D540B8A4A8D627BE511170.csv","free_sort",5,397,439,"kick something"
"2024-12-16_17-02-31_CB18A705D3D540B8A4A8D627BE511170.csv","free_sort",5,261,470,"take a walk"
"2024-12-16_17-02-31_CB18A705D3D540B8A4A8D627BE511170.csv","free_sort",5,236,520,"sit down"
"2024-12-16_17-02-31_CB18A705D3D540B8A4A8D627BE511170.csv","free_sort",5,175,305,"hear something"
"2024-12-16_17-02-31_CB18A705D3D540B8A4A8D627BE511170.csv","free_sort",5,202,485,"choose what to do"
"2024-12-16_17-02-31_CB18A705D3D540B8A4A8D627BE511170.csv","free_sort",5,136,349,"reach for something"
"2024-12-16_17-02-31_CB18A705D3D540B8A4A8D627BE511170.csv","free_sort",5,359,84,"get tired"
"2024-12-16_17-02-31_CB18A705D3D540B8A4A8D627BE511170.csv","free_sort",5,116,314,"see something"
"2024-12-16_17-02-31_CB18A705D3D540B8A4A8D627BE511170.csv","free_sort",5,400,415,"jump up and down"
"2024-12-16_17-02-32_EB394BAF654D48F9B0F94746FA7E0288.csv","free_sort",5,382,116,"take a walk"
"2024-12-16_17-02-32_EB394BAF654D48F9B0F94746FA7E0288.csv","free_sort",5,419,220,"kick something"
"2024-12-16_17-02-32_EB394BAF654D48F9B0F94746FA7E0288.csv","free_sort",5,342,409,"get sick"
"2024-12-16_17-02-32_EB394BAF654D48F9B0F94746FA7E0288.csv","free_sort",5,344,263,"reach for something"
"2024-12-16_17-02-32_EB394BAF654D48F9B0F94746FA7E0288.csv","free_sort",5,298,48,"choose what to do"
"2024-12-16_17-02-32_EB394BAF654D48F9B0F94746FA7E0288.csv","free_sort",5,172,137,"see something"
"2024-12-16_17-02-32_EB394BAF654D48F9B0F94746FA7E0288.csv","free_sort",5,158,434,"hear something"
"2024-12-16_17-02-32_EB394BAF654D48F9B0F94746FA7E0288.csv","free_sort",5,422,404,"get tired"
"2024-12-16_17-02-32_EB394BAF654D48F9B0F94746FA7E0288.csv","free_sort",5,462,189,"jump up and down"
"2024-12-16_17-02-32_EB394BAF654D48F9B0F94746FA7E0288.csv","free_sort",5,76,263,"think about something"
"2024-12-16_17-02-32_EB394BAF654D48F9B0F94746FA7E0288.csv","free_sort",5,242,348,"experience pain"
"2024-12-16_17-02-32_EB394BAF654D48F9B0F94746FA7E0288.csv","free_sort",5,133,83,"feel scared"
"2024-12-16_17-02-32_EB394BAF654D48F9B0F94746FA7E0288.csv","free_sort",5,106,314,"remember something"
"2024-12-16_17-02-32_EB394BAF654D48F9B0F94746FA7E0288.csv","free_sort",5,364,475,"become hungry"
"2024-12-16_17-02-32_EB394BAF654D48F9B0F94746FA7E0288.csv","free_sort",5,462,371,"sit down"
"2024-12-16_17-02-37_DDD2730E405143CD97260529527F21AD.csv","free_sort",21,18,303,"sit down"
"2024-12-16_17-02-37_DDD2730E405143CD97260529527F21AD.csv","free_sort",21,333,240,"choose what to do"
"2024-12-16_17-02-37_DDD2730E405143CD97260529527F21AD.csv","free_sort",21,472,190,"become hungry"
"2024-12-16_17-02-37_DDD2730E405143CD97260529527F21AD.csv","free_sort",21,69,391,"kick something"
"2024-12-16_17-02-37_DDD2730E405143CD97260529527F21AD.csv","free_sort",21,495,393,"experience pain"
"2024-12-16_17-02-37_DDD2730E405143CD97260529527F21AD.csv","free_sort",21,339,99,"remember something"
"2024-12-16_17-02-37_DDD2730E405143CD97260529527F21AD.csv","free_sort",21,197,305,"hear something"
"2024-12-16_17-02-37_DDD2730E405143CD97260529527F21AD.csv","free_sort",21,146,67,"reach for something"
"2024-12-16_17-02-37_DDD2730E405143CD97260529527F21AD.csv","free_sort",21,470,373,"get sick"
"2024-12-16_17-02-37_DDD2730E405143CD97260529527F21AD.csv","free_sort",21,86,435,"jump up and down"
"2024-12-16_17-02-37_DDD2730E405143CD97260529527F21AD.csv","free_sort",21,303,351,"get tired"
"2024-12-16_17-02-37_DDD2730E405143CD97260529527F21AD.csv","free_sort",21,67,178,"feel scared"
"2024-12-16_17-02-37_DDD2730E405143CD97260529527F21AD.csv","free_sort",21,199,241,"see something"
"2024-12-16_17-02-37_DDD2730E405143CD97260529527F21AD.csv","free_sort",21,332,81,"think about something"
"2024-12-16_17-02-37_DDD2730E405143CD97260529527F21AD.csv","free_sort",21,298,501,"take a walk"
"2024-12-16_17-02-38_AADA39CC0AA64DFB84C73828D0AEBDFB.csv","free_sort",21,202,427,"sit down"
"2024-12-16_17-02-38_AADA39CC0AA64DFB84C73828D0AEBDFB.csv","free_sort",21,466,405,"get sick"
"2024-12-16_17-02-38_AADA39CC0AA64DFB84C73828D0AEBDFB.csv","free_sort",21,433,250,"hear something"
"2024-12-16_17-02-38_AADA39CC0AA64DFB84C73828D0AEBDFB.csv","free_sort",21,442,427,"get tired"
"2024-12-16_17-02-38_AADA39CC0AA64DFB84C73828D0AEBDFB.csv","free_sort",21,192,422,"reach for something"
"2024-12-16_17-02-38_AADA39CC0AA64DFB84C73828D0AEBDFB.csv","free_sort",21,131,424,"jump up and down"
"2024-12-16_17-02-38_AADA39CC0AA64DFB84C73828D0AEBDFB.csv","free_sort",21,175,458,"kick something"
"2024-12-16_17-02-38_AADA39CC0AA64DFB84C73828D0AEBDFB.csv","free_sort",21,164,389,"take a walk"
"2024-12-16_17-02-38_AADA39CC0AA64DFB84C73828D0AEBDFB.csv","free_sort",21,348,116,"choose what to do"
"2024-12-16_17-02-38_AADA39CC0AA64DFB84C73828D0AEBDFB.csv","free_sort",21,306,114,"think about something"
"2024-12-16_17-02-38_AADA39CC0AA64DFB84C73828D0AEBDFB.csv","free_sort",21,444,279,"see something"
"2024-12-16_17-02-38_AADA39CC0AA64DFB84C73828D0AEBDFB.csv","free_sort",21,314,143,"remember something"
"2024-12-16_17-02-38_AADA39CC0AA64DFB84C73828D0AEBDFB.csv","free_sort",21,459,432,"become hungry"
"2024-12-16_17-02-38_AADA39CC0AA64DFB84C73828D0AEBDFB.csv","free_sort",21,49,199,"feel scared"
"2024-12-16_17-02-38_AADA39CC0AA64DFB84C73828D0AEBDFB.csv","free_sort",21,454,445,"experience pain"
"2024-12-16_17-02-41_90B2F4E19B8D45978C25F3E108B5DC4A.csv","free_sort",5,301,230,"get tired"
"2024-12-16_17-02-41_90B2F4E19B8D45978C25F3E108B5DC4A.csv","free_sort",5,428,245,"hear something"
"2024-12-16_17-02-41_90B2F4E19B8D45978C25F3E108B5DC4A.csv","free_sort",5,447,440,"jump up and down"
"2024-12-16_17-02-41_90B2F4E19B8D45978C25F3E108B5DC4A.csv","free_sort",5,344,461,"kick something"
"2024-12-16_17-02-41_90B2F4E19B8D45978C25F3E108B5DC4A.csv","free_sort",5,483,182,"see something"
"2024-12-16_17-02-41_90B2F4E19B8D45978C25F3E108B5DC4A.csv","free_sort",5,191,286,"sit down"
"2024-12-16_17-02-41_90B2F4E19B8D45978C25F3E108B5DC4A.csv","free_sort",5,271,512,"take a walk"
"2024-12-16_17-02-41_90B2F4E19B8D45978C25F3E108B5DC4A.csv","free_sort",5,186,108,"become hungry"
"2024-12-16_17-02-41_90B2F4E19B8D45978C25F3E108B5DC4A.csv","free_sort",5,494,294,"feel scared"
"2024-12-16_17-02-41_90B2F4E19B8D45978C25F3E108B5DC4A.csv","free_sort",5,281,381,"choose what to do"
"2024-12-16_17-02-41_90B2F4E19B8D45978C25F3E108B5DC4A.csv","free_sort",5,430,81,"think about something"
"2024-12-16_17-02-41_90B2F4E19B8D45978C25F3E108B5DC4A.csv","free_sort",5,144,446,"get sick"
"2024-12-16_17-02-41_90B2F4E19B8D45978C25F3E108B5DC4A.csv","free_sort",5,389,345,"remember something"
"2024-12-16_17-02-41_90B2F4E19B8D45978C25F3E108B5DC4A.csv","free_sort",5,60,269,"reach for something"
"2024-12-16_17-02-41_90B2F4E19B8D45978C25F3E108B5DC4A.csv","free_sort",5,70,399,"experience pain"
"2024-12-16_17-02-46_A4CF186F80ED41E6973870DB4C597F32.csv","free_sort",5,389,143,"think about something"
"2024-12-16_17-02-46_A4CF186F80ED41E6973870DB4C597F32.csv","free_sort",5,205,441,"kick something"
"2024-12-16_17-02-46_A4CF186F80ED41E6973870DB4C597F32.csv","free_sort",5,238,271,"feel scared"
"2024-12-16_17-02-46_A4CF186F80ED41E6973870DB4C597F32.csv","free_sort",5,320,79,"see something"
"2024-12-16_17-02-46_A4CF186F80ED41E6973870DB4C597F32.csv","free_sort",5,452,368,"experience pain"
"2024-12-16_17-02-46_A4CF186F80ED41E6973870DB4C597F32.csv","free_sort",5,77,216,"get tired"
"2024-12-16_17-02-46_A4CF186F80ED41E6973870DB4C597F32.csv","free_sort",5,308,471,"take a walk"
"2024-12-16_17-02-46_A4CF186F80ED41E6973870DB4C597F32.csv","free_sort",5,248,74,"remember something"
"2024-12-16_17-02-46_A4CF186F80ED41E6973870DB4C597F32.csv","free_sort",5,372,281,"choose what to do"
"2024-12-16_17-02-46_A4CF186F80ED41E6973870DB4C597F32.csv","free_sort",5,370,106,"reach for something"
"2024-12-16_17-02-46_A4CF186F80ED41E6973870DB4C597F32.csv","free_sort",5,258,451,"jump up and down"
"2024-12-16_17-02-46_A4CF186F80ED41E6973870DB4C597F32.csv","free_sort",5,52,280,"sit down"
"2024-12-16_17-02-46_A4CF186F80ED41E6973870DB4C597F32.csv","free_sort",5,110,257,"become hungry"
"2024-12-16_17-02-46_A4CF186F80ED41E6973870DB4C597F32.csv","free_sort",5,189,80,"hear something"
"2024-12-16_17-02-46_A4CF186F80ED41E6973870DB4C597F32.csv","free_sort",5,125,201,"get sick"
"2024-12-16_17-02-59_9182DD3EB32648768D8E13913106A8E5.csv","free_sort",21,362,433,"reach for something"
"2024-12-16_17-02-59_9182DD3EB32648768D8E13913106A8E5.csv","free_sort",21,64,285,"become hungry"
"2024-12-16_17-02-59_9182DD3EB32648768D8E13913106A8E5.csv","free_sort",21,383,468,"hear something"
"2024-12-16_17-02-59_9182DD3EB32648768D8E13913106A8E5.csv","free_sort",21,45,184,"feel scared"
"2024-12-16_17-02-59_9182DD3EB32648768D8E13913106A8E5.csv","free_sort",21,327,112,"take a walk"
"2024-12-16_17-02-59_9182DD3EB32648768D8E13913106A8E5.csv","free_sort",21,280,62,"sit down"
"2024-12-16_17-02-59_9182DD3EB32648768D8E13913106A8E5.csv","free_sort",21,92,245,"get tired"
"2024-12-16_17-02-59_9182DD3EB32648768D8E13913106A8E5.csv","free_sort",21,86,169,"experience pain"
"2024-12-16_17-02-59_9182DD3EB32648768D8E13913106A8E5.csv","free_sort",21,359,471,"see something"
"2024-12-16_17-02-59_9182DD3EB32648768D8E13913106A8E5.csv","free_sort",21,296,80,"kick something"
"2024-12-16_17-02-59_9182DD3EB32648768D8E13913106A8E5.csv","free_sort",21,59,232,"get sick"
"2024-12-16_17-02-59_9182DD3EB32648768D8E13913106A8E5.csv","free_sort",21,320,426,"remember something"
"2024-12-16_17-02-59_9182DD3EB32648768D8E13913106A8E5.csv","free_sort",21,369,504,"think about something"
"2024-12-16_17-02-59_9182DD3EB32648768D8E13913106A8E5.csv","free_sort",21,341,68,"jump up and down"
"2024-12-16_17-02-59_9182DD3EB32648768D8E13913106A8E5.csv","free_sort",21,267,144,"choose what to do"
"2024-12-16_17-03-12_79A6CA4A11904E1A92F92385D609E206.csv","free_sort",21,432,107,"see something"
"2024-12-16_17-03-12_79A6CA4A11904E1A92F92385D609E206.csv","free_sort",21,93,224,"reach for something"
"2024-12-16_17-03-12_79A6CA4A11904E1A92F92385D609E206.csv","free_sort",21,408,441,"get sick"
"2024-12-16_17-03-12_79A6CA4A11904E1A92F92385D609E206.csv","free_sort",21,256,298,"choose what to do"
"2024-12-16_17-03-12_79A6CA4A11904E1A92F92385D609E206.csv","free_sort",21,491,235,"think about something"
"2024-12-16_17-03-12_79A6CA4A11904E1A92F92385D609E206.csv","free_sort",21,107,214,"kick something"
"2024-12-16_17-03-12_79A6CA4A11904E1A92F92385D609E206.csv","free_sort",21,430,114,"hear something"
"2024-12-16_17-03-12_79A6CA4A11904E1A92F92385D609E206.csv","free_sort",21,99,210,"sit down"
"2024-12-16_17-03-12_79A6CA4A11904E1A92F92385D609E206.csv","free_sort",21,406,448,"experience pain"
"2024-12-16_17-03-12_79A6CA4A11904E1A92F92385D609E206.csv","free_sort",21,499,219,"get tired"
"2024-12-16_17-03-12_79A6CA4A11904E1A92F92385D609E206.csv","free_sort",21,499,233,"feel scared"
"2024-12-16_17-03-12_79A6CA4A11904E1A92F92385D609E206.csv","free_sort",21,495,240,"become hungry"
"2024-12-16_17-03-12_79A6CA4A11904E1A92F92385D609E206.csv","free_sort",21,91,218,"jump up and down"
"2024-12-16_17-03-12_79A6CA4A11904E1A92F92385D609E206.csv","free_sort",21,92,215,"take a walk"
"2024-12-16_17-03-12_79A6CA4A11904E1A92F92385D609E206.csv","free_sort",21,493,243,"remember something"
"2024-12-16_17-03-35_2734CB95451342758D412767C5CD4B98.csv","free_sort",21,79,217,"hear something"
"2024-12-16_17-03-35_2734CB95451342758D412767C5CD4B98.csv","free_sort",21,499,232,"remember something"
"2024-12-16_17-03-35_2734CB95451342758D412767C5CD4B98.csv","free_sort",21,399,466,"experience pain"
"2024-12-16_17-03-35_2734CB95451342758D412767C5CD4B98.csv","free_sort",21,353,462,"become hungry"
"2024-12-16_17-03-35_2734CB95451342758D412767C5CD4B98.csv","free_sort",21,483,289,"choose what to do"
"2024-12-16_17-03-35_2734CB95451342758D412767C5CD4B98.csv","free_sort",21,159,332,"reach for something"
"2024-12-16_17-03-35_2734CB95451342758D412767C5CD4B98.csv","free_sort",21,255,114,"take a walk"
"2024-12-16_17-03-35_2734CB95451342758D412767C5CD4B98.csv","free_sort",21,238,23,"kick something"
"2024-12-16_17-03-35_2734CB95451342758D412767C5CD4B98.csv","free_sort",21,197,137,"sit down"
"2024-12-16_17-03-35_2734CB95451342758D412767C5CD4B98.csv","free_sort",21,448,441,"get sick"
"2024-12-16_17-03-35_2734CB95451342758D412767C5CD4B98.csv","free_sort",21,96,458,"get tired"
"2024-12-16_17-03-35_2734CB95451342758D412767C5CD4B98.csv","free_sort",21,83,285,"see something"
"2024-12-16_17-03-35_2734CB95451342758D412767C5CD4B98.csv","free_sort",21,449,252,"think about something"
"2024-12-16_17-03-35_2734CB95451342758D412767C5CD4B98.csv","free_sort",21,158,486,"feel scared"
"2024-12-16_17-03-35_2734CB95451342758D412767C5CD4B98.csv","free_sort",21,300,65,"jump up and down"
"2024-12-16_17-04-17_67398118ACF140429F4D0D8BBA7EFF7B.csv","free_sort",21,511,276,"get sick"
"2024-12-16_17-04-17_67398118ACF140429F4D0D8BBA7EFF7B.csv","free_sort",21,316,533,"see something"
"2024-12-16_17-04-17_67398118ACF140429F4D0D8BBA7EFF7B.csv","free_sort",21,275,488,"hear something"
"2024-12-16_17-04-17_67398118ACF140429F4D0D8BBA7EFF7B.csv","free_sort",21,254,107,"take a walk"
"2024-12-16_17-04-17_67398118ACF140429F4D0D8BBA7EFF7B.csv","free_sort",21,379,146,"jump up and down"
"2024-12-16_17-04-17_67398118ACF140429F4D0D8BBA7EFF7B.csv","free_sort",21,507,340,"become hungry"
"2024-12-16_17-04-17_67398118ACF140429F4D0D8BBA7EFF7B.csv","free_sort",21,77,277,"feel scared"
"2024-12-16_17-04-17_67398118ACF140429F4D0D8BBA7EFF7B.csv","free_sort",21,436,364,"get tired"
"2024-12-16_17-04-17_67398118ACF140429F4D0D8BBA7EFF7B.csv","free_sort",21,350,85,"kick something"
"2024-12-16_17-04-17_67398118ACF140429F4D0D8BBA7EFF7B.csv","free_sort",21,289,171,"sit down"
"2024-12-16_17-04-17_67398118ACF140429F4D0D8BBA7EFF7B.csv","free_sort",21,124,418,"remember something"
"2024-12-16_17-04-17_67398118ACF140429F4D0D8BBA7EFF7B.csv","free_sort",21,57,359,"think about something"
"2024-12-16_17-04-17_67398118ACF140429F4D0D8BBA7EFF7B.csv","free_sort",21,140,334,"choose what to do"
"2024-12-16_17-04-17_67398118ACF140429F4D0D8BBA7EFF7B.csv","free_sort",21,432,301,"experience pain"
"2024-12-16_17-04-17_67398118ACF140429F4D0D8BBA7EFF7B.csv","free_sort",21,289,48,"reach for something"
"2024-12-16_17-04-21_49A493BAFD1E4102B996623AAC98CE9B.csv","free_sort",5,200,104,"choose what to do"
"2024-12-16_17-04-21_49A493BAFD1E4102B996623AAC98CE9B.csv","free_sort",5,403,166,"feel scared"
"2024-12-16_17-04-21_49A493BAFD1E4102B996623AAC98CE9B.csv","free_sort",5,181,367,"jump up and down"
"2024-12-16_17-04-21_49A493BAFD1E4102B996623AAC98CE9B.csv","free_sort",5,382,111,"get tired"
"2024-12-16_17-04-21_49A493BAFD1E4102B996623AAC98CE9B.csv","free_sort",5,190,430,"take a walk"
"2024-12-16_17-04-21_49A493BAFD1E4102B996623AAC98CE9B.csv","free_sort",5,63,217,"see something"
"2024-12-16_17-04-21_49A493BAFD1E4102B996623AAC98CE9B.csv","free_sort",5,241,383,"sit down"
"2024-12-16_17-04-21_49A493BAFD1E4102B996623AAC98CE9B.csv","free_sort",5,165,206,"think about something"
"2024-12-16_17-04-21_49A493BAFD1E4102B996623AAC98CE9B.csv","free_sort",5,396,61,"become hungry"
"2024-12-16_17-04-21_49A493BAFD1E4102B996623AAC98CE9B.csv","free_sort",5,478,177,"experience pain"
"2024-12-16_17-04-21_49A493BAFD1E4102B996623AAC98CE9B.csv","free_sort",5,136,145,"hear something"
"2024-12-16_17-04-21_49A493BAFD1E4102B996623AAC98CE9B.csv","free_sort",5,122,396,"kick something"
"2024-12-16_17-04-21_49A493BAFD1E4102B996623AAC98CE9B.csv","free_sort",5,431,116,"get sick"
"2024-12-16_17-04-21_49A493BAFD1E4102B996623AAC98CE9B.csv","free_sort",5,75,149,"remember something"
"2024-12-16_17-04-21_49A493BAFD1E4102B996623AAC98CE9B.csv","free_sort",5,127,54,"reach for something"
"2024-12-16_17-09-55_2839C30825B94A258F5BB5D25A7AD9BB.csv","free_sort",5,333,472,"get sick"
"2024-12-16_17-09-55_2839C30825B94A258F5BB5D25A7AD9BB.csv","free_sort",5,289,430,"experience pain"
"2024-12-16_17-09-55_2839C30825B94A258F5BB5D25A7AD9BB.csv","free_sort",5,68,315,"reach for something"
"2024-12-16_17-09-55_2839C30825B94A258F5BB5D25A7AD9BB.csv","free_sort",5,294,499,"get tired"
"2024-12-16_17-09-55_2839C30825B94A258F5BB5D25A7AD9BB.csv","free_sort",5,446,301,"see something"
"2024-12-16_17-09-55_2839C30825B94A258F5BB5D25A7AD9BB.csv","free_sort",5,109,198,"take a walk"
"2024-12-16_17-09-55_2839C30825B94A258F5BB5D25A7AD9BB.csv","free_sort",5,176,247,"choose what to do"
"2024-12-16_17-09-55_2839C30825B94A258F5BB5D25A7AD9BB.csv","free_sort",5,103,257,"jump up and down"
"2024-12-16_17-09-55_2839C30825B94A258F5BB5D25A7AD9BB.csv","free_sort",5,413,346,"hear something"
"2024-12-16_17-09-55_2839C30825B94A258F5BB5D25A7AD9BB.csv","free_sort",5,490,334,"think about something"
"2024-12-16_17-09-55_2839C30825B94A258F5BB5D25A7AD9BB.csv","free_sort",5,234,533,"sit down"
"2024-12-16_17-09-55_2839C30825B94A258F5BB5D25A7AD9BB.csv","free_sort",5,166,486,"become hungry"
"2024-12-16_17-09-55_2839C30825B94A258F5BB5D25A7AD9BB.csv","free_sort",5,453,365,"remember something"
"2024-12-16_17-09-55_2839C30825B94A258F5BB5D25A7AD9BB.csv","free_sort",5,137,314,"kick something"
"2024-12-16_17-09-55_2839C30825B94A258F5BB5D25A7AD9BB.csv","free_sort",5,545,267,"feel scared"
